id;holanda;hombre;primero;ultimo;frec;web;res;gasto;envio;utilidad;ganancia
1;1;1;2677;2677;1;0;0;0;12.5;-12.5;0
2;1;1;1008;520;2;1;0;211.5;12.5;29.8;1
3;1;0;3249;3249;1;0;0;0.07;12.5;-12.486;0
4;1;1;2675;2675;1;0;0;29.5;12.5;-6.6;0
5;0;1;1322;1322;1;0;0;0;12.5;-12.5;0
6;0;0;1890;519;5;1;0;585;12.5;104.5;1
7;1;0;1871;1842;2;1;1;0.06;12.5;-12.488;0
8;0;1;1319;1319;1;1;0;0;12.5;-12.5;0
9;1;1;581;581;1;0;1;203;12.5;28.1;1
10;1;1;2656;2656;1;1;0;129.5;12.5;13.4;1
11;1;0;862;862;1;0;0;0;12.5;-12.5;0
12;1;1;217;23;1;0;0;0.06;12.5;-12.488;0
13;1;1;1774;1752;2;1;1;0.06;12.5;-12.488;0
14;1;0;3944;2812;2;0;0;182.9;12.5;24.08;1
15;0;1;3552;3552;2;1;0;45.07;12.5;-3.486;0
16;1;0;1774;1774;1;0;0;0;12.5;-12.5;0
17;1;0;2599;2599;1;1;0;129.5;12.5;13.4;1
18;1;1;2387;2387;1;0;1;0.07;12.5;-12.486;0
19;1;0;1261;1261;1;1;1;45.26;12.5;-3.448;0
20;1;1;3655;3613;3;1;0;131.08;12.5;13.716;1
21;1;1;2872;2872;1;0;0;0.07;12.5;-12.486;0
22;0;0;1073;1073;1;1;0;104.95;12.5;8.49;1
23;1;1;834;834;1;0;0;0;12.5;-12.5;0
24;1;0;2445;2445;1;1;1;34.5;12.5;-5.6;0
25;0;1;17;17;1;0;0;0.06;12.5;-12.488;0
26;1;0;2877;2877;0;0;0;0;12.5;-12.5;0
27;1;0;1436;1415;2;0;1;0.06;12.5;-12.488;0
28;1;1;2539;519;4;0;0;421.5;12.5;71.8;1
29;1;0;3852;1031;3;1;1;213.86;12.5;30.272;1
30;1;1;899;899;0;0;0;0;12.5;-12.5;0
31;1;0;3522;3522;3;0;0;0;12.5;-12.5;0
32;1;1;2999;2999;1;1;0;159.5;12.5;19.4;1
33;0;0;1683;1683;1;0;0;84.95;12.5;4.49;1
34;1;1;3306;3306;1;0;0;0;12.5;-12.5;0
35;1;0;4188;4188;1;1;0;0;12.5;-12.5;0
36;1;1;3746;2060;1;0;0;0;12.5;-12.5;0
37;1;0;1249;1249;0;0;0;0;12.5;-12.5;0
38;1;0;1715;835;3;0;1;56.01;12.5;-1.298;0
39;1;1;440;429;2;0;0;303;12.5;48.1;1
40;1;0;1288;1288;1;1;1;29.5;12.5;-6.6;0
41;1;1;701;701;1;0;0;0.07;12.5;-12.486;0
42;1;1;27;27;1;0;0;0.07;12.5;-12.486;0
43;1;1;1914;1879;2;1;1;129.56;12.5;13.412;1
44;1;1;604;604;1;0;0;0.07;12.5;-12.486;0
45;1;0;2834;1976;3;1;0;67;12.5;0.9;1
46;1;1;2481;2481;1;1;0;129.5;12.5;13.4;1
47;1;1;2943;962;2;1;0;206.07;12.5;28.714;1
48;1;1;1224;1224;0;0;0;0;12.5;-12.5;0
49;1;1;2478;2438;1;1;0;103.5;12.5;8.2;1
50;1;1;2278;2278;1;1;0;0.07;12.5;-12.486;0
51;1;1;3394;3394;0;0;0;0;12.5;-12.5;0
52;1;1;1240;1240;1;0;0;0;12.5;-12.5;0
53;1;1;3433;3433;1;0;0;0.07;12.5;-12.486;0
54;1;1;1323;1275;2;1;1;139.56;12.5;15.412;1
55;1;0;77;77;0;0;0;0;12.5;-12.5;0
56;1;1;3430;3430;1;0;0;0.08;12.5;-12.484;0
57;1;1;2735;2735;0;0;0;0;12.5;-12.5;0
58;1;0;1968;1968;1;1;0;255;12.5;38.5;1
59;1;1;3251;2893;3;0;0;159.57;12.5;19.414;1
60;1;0;2408;2408;1;1;0;53.5;12.5;-1.8;0
61;1;0;3158;3158;0;0;0;0;12.5;-12.5;0
62;1;1;2016;1121;3;1;0;247.25;12.5;36.95;1
63;1;1;3536;3536;0;0;0;0;12.5;-12.5;0
64;1;0;220;220;1;0;0;0.07;12.5;-12.486;0
65;0;1;1323;1137;3;0;0;292;12.5;45.9;1
66;1;0;2634;2634;1;1;0;74;12.5;2.3;1
67;1;0;3269;1030;8;1;0;819.07;12.5;151.314;1
68;1;0;2735;2735;0;0;0;0;12.5;-12.5;0
69;1;1;827;827;1;1;0;163;12.5;20.1;1
70;1;1;2229;2229;1;0;0;0.07;12.5;-12.486;0
71;0;0;2620;2620;1;1;0;0.07;12.5;-12.486;0
72;1;1;1491;1491;1;0;0;0;12.5;-12.5;0
73;1;1;1981;1962;1;1;1;0.06;12.5;-12.488;0
74;1;0;3822;2284;3;1;0;270.85;12.5;41.67;1
75;1;0;2632;2632;1;1;0;139.5;12.5;15.4;1
76;1;0;4096;91;8;0;0;1325.55;12.5;252.61;1
77;0;1;155;155;1;0;0;164;12.5;20.3;1
78;1;1;2005;2005;1;0;0;0;12.5;-12.5;0
79;0;1;1095;1095;1;0;1;0.06;12.5;-12.488;0
80;1;0;2010;1995;2;1;1;117.06;12.5;10.912;1
81;1;1;3177;3177;1;0;0;10;12.5;-10.5;0
82;1;1;861;861;1;1;0;65;12.5;0.5;1
83;1;1;2794;1758;2;1;0;166.57;12.5;20.814;1
84;1;1;3403;3403;0;0;0;0;12.5;-12.5;0
85;1;1;2114;2080;2;1;1;34.56;12.5;-5.588;0
86;1;1;2632;2632;0;0;0;0;12.5;-12.5;0
87;1;0;3177;3177;1;1;1;0.07;12.5;-12.486;0
88;1;1;1708;1646;2;0;1;83.01;12.5;4.102;1
89;1;0;1242;1123;2;1;0;398.5;12.5;67.2;1
90;1;0;1835;1786;2;1;0;95.05;12.5;6.51;1
91;1;1;2982;2982;1;0;0;0.07;12.5;-12.486;0
92;1;0;3453;3453;1;1;0;0.07;12.5;-12.486;0
93;1;0;1709;1709;0;0;0;0;12.5;-12.5;0
94;1;1;1709;1536;2;0;0;1500.06;12.5;287.512;1
95;1;1;1381;1346;2;0;1;0.06;12.5;-12.488;0
96;1;1;2768;2768;1;0;0;0;12.5;-12.5;0
97;1;0;1361;1361;1;0;0;1250;12.5;237.5;1
98;0;0;1017;1017;1;0;0;196.95;12.5;26.89;1
99;1;1;3243;3243;1;0;0;182.82;12.5;24.064;1
100;1;0;3401;3401;0;0;0;0;12.5;-12.5;0
101;1;0;1816;1816;0;1;0;0;12.5;-12.5;0
102;1;0;479;458;2;0;0;142;12.5;15.9;1
103;1;1;2759;2759;1;0;0;34.5;12.5;-5.6;0
104;1;0;1381;1346;1;1;1;0.06;12.5;-12.488;0
105;1;1;3229;3229;1;1;0;68;12.5;1.1;1
106;1;1;3660;3660;2;0;0;33.28;12.5;-5.844;0
107;1;1;3120;2366;2;1;0;288.17;12.5;45.134;1
108;1;1;3143;3143;1;0;0;229;12.5;33.3;1
109;1;0;2978;2977;1;0;0;69.5;12.5;1.4;1
110;1;1;1221;1221;1;1;1;163.5;12.5;20.2;1
111;1;1;3747;3747;0;0;0;0;12.5;-12.5;0
112;1;0;1072;1072;0;0;0;0;12.5;-12.5;0
113;1;1;4157;1240;3;1;1;140.9;12.5;15.68;1
114;1;0;3746;3746;0;1;0;0;12.5;-12.5;0
115;1;0;3311;3201;2;0;0;0.07;12.5;-12.486;0
116;1;0;3174;1000;2;0;0;79.5;12.5;3.4;1
117;0;0;2274;2274;1;0;0;46;12.5;-3.3;0
118;1;0;2796;2796;1;0;0;0.07;12.5;-12.486;0
119;0;1;3642;2333;3;0;0;175.07;12.5;22.514;1
120;1;0;3394;3394;0;0;0;0;12.5;-12.5;0
121;1;0;3401;3401;0;0;0;0;12.5;-12.5;0
122;1;0;198;198;1;1;0;0.07;12.5;-12.486;0
123;1;1;702;702;1;1;0;0.07;12.5;-12.486;0
124;1;1;3541;1253;2;0;0;0.14;12.5;-12.472;0
125;1;1;3403;3403;0;1;0;0;12.5;-12.5;0
126;1;0;1162;841;2;1;1;157.56;12.5;19.012;1
127;1;0;2348;1129;4;0;0;279.5;12.5;43.4;1
128;1;1;3698;3698;2;0;0;33.62;12.5;-5.776;0
129;1;0;1235;14;4;1;1;302.97;12.5;48.094;1
130;1;0;1746;939;3;0;0;319.5;12.5;51.4;1
131;1;1;2313;1206;3;0;0;194.57;12.5;26.414;1
132;1;0;3464;3464;1;1;0;38;12.5;-4.9;0
133;1;1;3791;3791;2;1;0;87.55;12.5;5.01;1
134;0;0;1626;1626;1;0;0;164.95;12.5;20.49;1
135;0;0;1774;1752;2;0;1;0.06;12.5;-12.488;0
136;1;1;4065;1121;4;1;0;420.18;12.5;71.536;1
137;1;1;1011;1011;0;0;0;0;12.5;-12.5;0
138;1;1;3013;1752;1;0;0;159.5;12.5;19.4;1
139;1;1;3791;3791;2;0;1;97.86;12.5;7.072;1
140;1;1;2905;2704;1;1;0;8;12.5;-10.9;0
141;1;1;2626;2626;1;1;0;24.5;12.5;-7.6;0
142;1;1;3390;3387;3;1;0;203.27;12.5;28.154;1
143;1;0;1792;1780;2;1;1;129.56;12.5;13.412;1
144;1;1;2009;2009;0;0;0;0;12.5;-12.5;0
145;1;0;1240;1226;2;0;1;39.56;12.5;-4.588;0
146;1;1;1823;1801;2;1;1;0.06;12.5;-12.488;0
147;0;0;1164;1164;1;0;0;0;12.5;-12.5;0
148;1;0;3564;3564;2;1;1;128.36;12.5;13.172;1
149;1;1;2404;2404;1;0;0;0;12.5;-12.5;0
150;1;0;3791;3791;2;0;0;0;12.5;-12.5;0
151;1;0;1401;1379;2;0;1;192.56;12.5;26.012;1
152;1;0;3747;3747;0;1;0;0;12.5;-12.5;0
153;1;1;1991;1991;1;0;0;260.5;12.5;39.6;1
154;1;1;2509;2509;1;0;0;0;12.5;-12.5;0
155;1;1;513;513;1;1;0;119;12.5;11.3;1
156;1;1;567;567;1;1;1;139;12.5;15.3;1
157;1;1;3376;1184;1;0;0;43.5;12.5;-3.8;0
158;1;1;4096;3944;2;0;1;362.2;12.5;59.94;1
159;1;0;2829;2829;1;0;1;184.5;12.5;24.4;1
160;1;1;2849;2656;2;0;0;84.57;12.5;4.414;1
161;1;1;204;204;0;0;0;0;12.5;-12.5;0
162;1;1;2241;2194;2;0;1;29.56;12.5;-6.588;0
163;1;0;3430;3430;0;0;0;0;12.5;-12.5;0
164;1;0;4188;4188;1;0;0;127.22;12.5;12.944;1
165;1;1;3159;2400;1;1;0;12.95;12.5;-9.91;0
166;1;1;3654;3654;1;1;0;0.07;12.5;-12.486;0
167;1;0;3312;2872;3;1;0;121.76;12.5;11.852;1
168;1;0;3276;2347;3;0;0;219.07;12.5;31.314;1
169;1;1;3199;2361;2;1;1;0.14;12.5;-12.472;0
170;1;0;1386;1346;2;0;1;0.06;12.5;-12.488;0
171;1;0;1030;1016;2;1;0;451;12.5;77.7;1
172;1;0;1746;1710;2;0;1;0.06;12.5;-12.488;0
173;0;0;3747;3747;0;1;0;0;12.5;-12.5;0
174;1;0;3548;3548;1;0;0;0.08;12.5;-12.484;0
175;1;1;3213;2960;1;1;0;128.52;12.5;13.204;1
176;1;1;3243;3243;1;0;0;135.06;12.5;14.512;1
177;1;1;3747;3747;0;0;0;0;12.5;-12.5;0
178;1;0;2296;239;6;1;0;1161.4;12.5;219.78;1
179;1;0;2859;2859;1;1;0;160.5;12.5;19.6;1
180;1;0;2002;1995;1;0;1;0.06;12.5;-12.488;0
181;0;0;2282;2282;1;0;1;0.07;12.5;-12.486;0
182;1;1;3222;2960;2;0;1;159.57;12.5;19.414;1
183;1;1;4065;4065;1;0;1;98.5;12.5;7.2;1
184;0;1;829;829;1;0;0;89;12.5;5.3;1
185;1;0;2728;2728;0;0;0;0;12.5;-12.5;0
186;1;1;120;120;1;0;0;149;12.5;17.3;1
187;1;0;2897;2143;3;1;1;242.38;12.5;35.976;1
188;1;0;3390;2205;3;0;0;36.32;12.5;-5.236;0
189;1;1;2767;869;2;0;0;117.32;12.5;10.964;1
190;1;0;2107;1242;3;0;1;164.99;12.5;20.498;1
191;1;0;3094;1149;2;1;0;410.5;12.5;69.6;1
192;1;1;2333;2326;2;1;0;160.57;12.5;19.614;1
193;1;1;3746;3746;0;0;0;0;12.5;-12.5;0
194;0;1;3125;3125;1;1;0;159.5;12.5;19.4;1
195;1;0;260;260;1;0;0;148;12.5;17.1;1
196;1;0;3157;3157;1;0;1;0;12.5;-12.5;0
197;1;0;4096;4096;1;1;0;0;12.5;-12.5;0
198;1;1;3283;15;5;0;0;142;12.5;15.9;1
199;1;1;723;723;1;0;1;0.06;12.5;-12.488;0
200;0;0;1402;1402;1;1;0;0;12.5;-12.5;0
201;1;0;2829;490;2;0;0;203.5;12.5;28.2;1
202;1;0;2074;2044;2;0;1;0.13;12.5;-12.474;0
203;1;1;3507;3507;0;0;0;0;12.5;-12.5;0
204;1;0;366;366;1;0;0;0;12.5;-12.5;0
205;1;1;1932;1882;2;0;1;0.06;12.5;-12.488;0
206;1;0;2527;2527;1;1;0;160.5;12.5;19.6;1
207;1;0;1890;1890;1;1;0;77.45;12.5;2.99;1
208;1;0;2022;2018;0;0;0;0;12.5;-12.5;0
209;0;1;658;658;1;0;1;203;12.5;28.1;1
210;1;1;2438;2438;1;0;1;0;12.5;-12.5;0
211;0;0;604;604;1;1;0;0;12.5;-12.5;0
212;1;1;3694;3694;0;1;0;0;12.5;-12.5;0
213;1;1;2369;2024;3;0;0;547.35;12.5;96.97;1
214;1;1;1598;1598;1;1;0;39.5;12.5;-4.6;0
215;0;1;2065;2009;2;0;0;162.55;12.5;20.01;1
216;1;1;2905;2905;0;1;0;0;12.5;-12.5;0
217;0;0;2632;2466;1;0;0;274;12.5;42.3;1
218;1;1;2529;2389;3;0;0;384.65;12.5;64.43;1
219;1;0;2984;491;2;1;1;258.5;12.5;39.2;1
220;1;0;3125;3125;0;0;0;0;12.5;-12.5;0
221;1;1;3717;3717;1;0;0;0.07;12.5;-12.486;0
222;1;1;1823;1801;2;1;0;0.06;12.5;-12.488;0
223;1;1;994;994;1;0;0;0;12.5;-12.5;0
224;0;0;2702;2571;2;0;0;174.07;12.5;22.314;1
225;1;0;1828;1801;2;0;1;0.06;12.5;-12.488;0
226;1;1;3704;3662;3;0;1;309.84;12.5;49.468;1
227;0;0;2607;1143;5;1;0;1123;12.5;212.1;1
228;1;0;3694;3694;0;0;0;0;12.5;-12.5;0
229;1;1;2996;2996;0;0;0;0;12.5;-12.5;0
230;1;1;2735;2681;1;1;0;129.5;12.5;13.4;1
231;1;1;3549;3374;3;0;1;163.36;12.5;20.172;1
232;1;1;1564;1564;1;1;0;90.5;12.5;5.6;1
233;1;0;1652;1592;2;1;1;39.56;12.5;-4.588;0
234;1;1;770;744;2;0;1;0.06;12.5;-12.488;0
235;1;1;1694;1646;2;0;1;0.06;12.5;-12.488;0
236;1;1;3522;3522;0;0;0;0;12.5;-12.5;0
237;1;0;2977;2977;0;0;0;0;12.5;-12.5;0
238;1;1;3244;2962;1;1;0;96.02;12.5;6.704;1
239;1;0;512;512;1;0;1;0.06;12.5;-12.488;0
240;1;0;1095;1095;1;1;0;0.06;12.5;-12.488;0
241;1;1;3403;3403;0;0;0;0;12.5;-12.5;0
242;1;0;4036;2404;2;1;0;187.35;12.5;24.97;1
243;1;1;2544;539;2;1;0;131;12.5;13.7;1
244;1;0;3822;3822;1;1;0;0.07;12.5;-12.486;0
245;1;0;2417;2417;1;0;0;84.5;12.5;4.4;1
246;1;1;862;862;1;0;0;0;12.5;-12.5;0
247;1;1;3278;1739;3;0;0;226.07;12.5;32.714;1
248;1;0;3353;3353;0;0;0;0;12.5;-12.5;0
249;1;1;2648;1794;3;1;0;107.07;12.5;8.914;1
250;1;0;3090;3090;0;0;0;0;12.5;-12.5;0
251;0;1;717;717;1;1;0;40;12.5;-4.5;0
252;0;0;3401;3401;0;0;0;0;12.5;-12.5;0
253;1;0;3694;3694;0;1;0;0;12.5;-12.5;0
254;1;1;3265;3265;1;0;0;97.98;12.5;7.096;1
255;0;0;216;216;1;1;0;7.87;12.5;-10.926;0
256;0;0;1771;1752;2;0;1;0.06;12.5;-12.488;0
257;0;0;3369;3369;0;1;0;0;12.5;-12.5;0
258;1;0;3120;3120;0;0;0;0;12.5;-12.5;0
259;1;1;3262;3129;3;0;0;216.97;12.5;30.894;1
260;1;0;3138;3138;0;1;1;0;12.5;-12.5;0
261;1;0;3664;1130;3;0;0;274.06;12.5;42.312;1
262;1;0;3745;2305;1;1;0;59.5;12.5;-0.6;0
263;1;0;2921;2814;3;0;0;162.1;12.5;19.92;1
264;1;1;3171;2957;2;0;0;128.67;12.5;13.234;1
265;1;0;3159;3159;0;0;0;0;12.5;-12.5;0
266;1;0;3395;197;2;1;0;0.14;12.5;-12.472;0
267;1;1;1968;1968;1;1;0;0.07;12.5;-12.486;0
268;1;0;3125;542;5;0;0;578.37;12.5;103.174;1
269;1;0;3507;3507;0;1;0;0;12.5;-12.5;0
270;1;0;2233;1899;2;0;1;165.99;12.5;20.698;1
271;1;0;919;916;2;1;1;43.06;12.5;-3.888;0
272;1;0;1925;1879;2;0;1;0.06;12.5;-12.488;0
273;1;1;217;204;1;0;0;0.07;12.5;-12.486;0
274;1;1;1822;1822;0;1;0;0;12.5;-12.5;0
275;1;1;2640;800;6;1;0;1294;12.5;246.3;1
276;1;0;855;834;2;0;1;0.06;12.5;-12.488;0
277;1;1;2758;1240;4;0;0;231.5;12.5;33.8;1
278;1;0;3758;2527;2;0;0;9.61;12.5;-10.578;0
279;1;0;3746;1095;1;1;1;0.06;12.5;-12.488;0
280;1;1;2877;1995;3;0;1;220.06;12.5;31.512;1
281;1;0;3250;2962;1;0;0;68;12.5;1.1;1
282;1;1;2306;549;5;1;1;484.01;12.5;84.302;1
283;1;0;1968;1968;1;0;0;0.07;12.5;-12.486;0
284;1;1;1428;1415;1;0;1;0.06;12.5;-12.488;0
285;1;0;2807;2807;1;0;1;59.5;12.5;-0.6;0
286;1;1;532;532;1;0;1;0.06;12.5;-12.488;0
287;0;0;3975;3479;2;0;1;189.45;12.5;25.39;1
288;1;0;3822;3822;1;1;0;64.95;12.5;0.49;1
289;1;0;2807;2807;1;1;0;53.5;12.5;-1.8;0
290;1;1;868;850;2;1;0;210.4;12.5;29.58;1
291;1;0;1313;1275;2;0;1;0.06;12.5;-12.488;0
292;1;1;2662;2662;1;1;0;0.07;12.5;-12.486;0
293;1;1;3593;3593;2;0;0;97.6;12.5;7.02;1
294;1;1;2466;2296;2;0;0;318;12.5;51.1;1
295;1;1;1969;1877;3;1;0;212.07;12.5;29.914;1
296;1;0;3914;3914;0;0;0;0;12.5;-12.5;0
297;1;1;1638;1638;1;1;0;29.5;12.5;-6.6;0
298;1;0;3009;3009;1;1;0;0.07;12.5;-12.486;0
299;1;0;1828;1801;2;1;1;0.06;12.5;-12.488;0
300;1;1;3747;3747;0;0;0;0;12.5;-12.5;0
301;1;0;3822;3772;2;1;0;149.09;12.5;17.318;1
302;1;1;3684;3684;1;0;0;0.07;12.5;-12.486;0
303;1;0;1792;1792;1;1;0;166.5;12.5;20.8;1
304;1;1;3394;3394;0;0;0;0;12.5;-12.5;0
305;0;1;2669;2669;0;0;0;0;12.5;-12.5;0
306;1;1;2333;2333;1;0;0;160.5;12.5;19.6;1
307;1;1;2074;2074;1;0;0;129.5;12.5;13.4;1
308;1;1;3522;3522;0;1;0;0;12.5;-12.5;0
309;1;0;3747;3747;0;0;0;0;12.5;-12.5;0
310;1;1;3229;3229;1;1;0;278.95;12.5;43.29;1
311;1;1;1221;1221;1;1;1;43.5;12.5;-3.8;0
312;1;1;3061;2950;2;0;0;0.07;12.5;-12.486;0
313;0;0;1717;1646;3;0;1;98.08;12.5;7.116;1
314;1;0;3680;3680;0;0;0;0;12.5;-12.5;0
315;1;1;3680;3680;0;0;0;0;12.5;-12.5;0
316;1;1;2633;2633;1;1;0;10;12.5;-10.5;0
317;0;1;3852;3791;3;1;1;533.89;12.5;94.278;1
318;1;1;2779;2779;0;1;0;0;12.5;-12.5;0
319;1;0;1968;1962;2;1;1;0.13;12.5;-12.474;0
320;1;1;4157;4157;1;1;0;253.97;12.5;38.294;1
321;1;1;2607;2607;1;1;1;0;12.5;-12.5;0
322;1;1;2897;2891;2;1;0;152.5;12.5;18;1
323;1;1;3047;3047;1;0;1;0.07;12.5;-12.486;0
324;1;0;2892;220;11;0;0;1227;12.5;232.9;1
325;1;1;2737;1842;3;1;1;169.06;12.5;21.312;1
326;1;0;3430;3430;1;0;0;0.08;12.5;-12.484;0
327;1;0;2900;2900;0;0;0;0;12.5;-12.5;0
328;1;0;91;91;0;0;0;0;12.5;-12.5;0
329;1;1;2891;1032;1;1;0;0;12.5;-12.5;0
330;1;1;3655;3655;1;1;0;0.08;12.5;-12.484;0
331;0;1;316;316;1;1;0;0;12.5;-12.5;0
332;1;0;2107;2107;1;1;0;129.5;12.5;13.4;1
333;1;0;2005;1115;2;1;0;390;12.5;65.5;1
334;1;0;3342;3340;2;0;0;198.59;12.5;27.218;1
335;1;1;2735;2735;0;0;0;0;12.5;-12.5;0
336;1;0;653;653;1;0;0;263;12.5;40.1;1
337;1;0;3608;3608;2;1;0;22.07;12.5;-8.086;0
338;0;1;3394;3394;0;0;0;0;12.5;-12.5;0
339;0;1;3474;3474;2;1;0;45.07;12.5;-3.486;0
340;1;0;2815;2815;1;0;0;0.07;12.5;-12.486;0
341;1;0;1653;1653;0;0;0;0;12.5;-12.5;0
342;1;0;2927;1379;2;1;1;63.06;12.5;0.112;1
343;1;1;1914;1882;2;1;1;0.06;12.5;-12.488;0
344;1;1;667;667;1;0;0;324.45;12.5;52.39;1
345;1;0;2185;2173;0;0;0;0;12.5;-12.5;0
346;1;0;2618;2618;1;0;0;0.07;12.5;-12.486;0
347;1;0;2478;2478;1;0;0;135.5;12.5;14.6;1
348;1;1;1836;1836;1;1;0;39.5;12.5;-4.6;0
349;0;0;2728;2728;0;0;0;0;12.5;-12.5;0
350;1;1;3670;3670;2;1;0;19.07;12.5;-8.686;0
351;0;0;640;283;3;0;0;405;12.5;68.5;1
352;1;0;2607;245;4;1;0;654.5;12.5;118.4;1
353;1;1;3694;3694;0;1;0;0;12.5;-12.5;0
354;0;1;2492;2492;0;0;1;0;12.5;-12.5;0
355;1;0;1779;1779;1;0;0;0.07;12.5;-12.486;0
356;1;0;2732;2460;1;1;0;188.9;12.5;25.28;1
357;1;1;2634;2284;2;0;1;251;12.5;37.7;1
358;1;0;1864;1864;1;0;0;29.5;12.5;-6.6;0
359;0;0;1465;1465;1;0;1;192;12.5;25.9;1
360;1;0;3745;3745;0;1;0;0;12.5;-12.5;0
361;1;0;4005;3590;2;1;0;116.29;12.5;10.758;1
362;0;0;3394;3394;0;0;0;0;12.5;-12.5;0
363;1;1;3143;2836;3;1;0;506;12.5;88.7;1
364;1;0;3747;3747;0;0;0;0;12.5;-12.5;0
365;1;1;608;608;1;0;0;0.07;12.5;-12.486;0
366;1;0;3353;3353;0;0;0;0;12.5;-12.5;0
367;1;0;539;539;1;1;0;0.07;12.5;-12.486;0
368;1;0;3278;3278;1;0;0;0.07;12.5;-12.486;0
369;0;1;3089;486;3;0;0;321;12.5;51.7;1
370;1;1;3684;3215;3;0;0;121.69;12.5;11.838;1
371;0;1;1010;1010;1;0;0;0;12.5;-12.5;0
372;0;0;1058;1058;1;1;1;0.06;12.5;-12.488;0
373;1;1;3694;3694;0;1;0;0;12.5;-12.5;0
374;1;1;2311;2311;1;1;0;0;12.5;-12.5;0
375;1;1;3249;3249;1;0;0;0.07;12.5;-12.486;0
376;1;1;3772;3772;1;0;0;0.07;12.5;-12.486;0
377;0;0;1583;1442;3;0;1;79.06;12.5;3.312;1
378;1;0;3394;3394;0;0;0;0;12.5;-12.5;0
379;1;0;1774;1752;2;1;1;0.06;12.5;-12.488;0
380;1;1;2859;2859;0;0;0;0;12.5;-12.5;0
381;1;0;2742;2742;0;0;0;0;12.5;-12.5;0
382;1;1;3746;3746;0;1;0;0;12.5;-12.5;0
383;1;1;3249;3201;2;0;0;0.07;12.5;-12.486;0
384;1;1;2968;2968;0;1;0;0;12.5;-12.5;0
385;1;1;2752;2752;1;0;1;34.5;12.5;-5.6;0
386;1;1;3747;3747;0;0;0;0;12.5;-12.5;0
387;0;0;3522;3398;3;1;0;192.07;12.5;25.914;1
388;1;1;890;890;1;0;0;0.07;12.5;-12.486;0
389;0;0;2564;2564;1;0;0;0.07;12.5;-12.486;0
390;1;1;3304;471;3;1;0;248.6;12.5;37.22;1
391;1;1;1774;1752;2;1;0;0.06;12.5;-12.488;0
392;1;1;3471;3433;3;1;0;98.59;12.5;7.218;1
393;1;1;3689;792;3;0;0;331.07;12.5;53.714;1
394;1;1;3822;3822;1;0;0;97.18;12.5;6.936;1
395;1;1;216;216;1;0;0;0;12.5;-12.5;0
396;0;1;3852;2891;0;0;0;0;12.5;-12.5;0
397;1;0;3237;3237;0;0;0;0;12.5;-12.5;0
398;1;0;1611;1582;2;1;1;0.06;12.5;-12.488;0
399;0;0;1879;1261;3;1;0;0.06;12.5;-12.488;0
400;1;1;1914;1882;2;0;1;0.06;12.5;-12.488;0
401;1;0;3619;3619;0;0;0;0;12.5;-12.5;0
402;1;0;3388;2348;3;1;0;206.53;12.5;28.806;1
403;1;0;1666;1666;1;0;0;164.75;12.5;20.45;1
404;1;0;4096;4096;1;0;1;97.48;12.5;6.996;1
405;1;1;1386;1346;2;0;1;0.06;12.5;-12.488;0
406;1;1;1416;619;2;1;1;43.06;12.5;-3.888;0
407;1;1;2418;2418;1;1;1;160.5;12.5;19.6;1
408;1;1;2558;2558;1;1;0;0.07;12.5;-12.486;0
409;1;1;2648;2648;1;1;0;129.5;12.5;13.4;1
410;0;1;1926;1926;1;0;0;62;12.5;-0.1;0
411;0;1;3311;3311;1;0;0;0.07;12.5;-12.486;0
412;1;1;3619;3619;0;0;0;0;12.5;-12.5;0
413;1;0;3047;2746;2;1;1;181.62;12.5;23.824;1
414;1;0;3451;3451;1;1;0;0.07;12.5;-12.486;0
415;1;1;486;486;1;0;0;29.5;12.5;-6.6;0
416;1;1;1926;668;1;1;0;84;12.5;4.3;1
417;1;1;3694;3694;0;1;0;0;12.5;-12.5;0
418;1;1;3746;3587;1;1;0;43;12.5;-3.9;0
419;1;0;3125;216;2;1;0;133.5;12.5;14.2;1
420;1;1;253;253;1;0;1;0;12.5;-12.5;0
421;1;1;2431;1017;3;1;0;254;12.5;38.3;1
422;1;1;1914;1882;2;0;1;0.06;12.5;-12.488;0
423;1;1;2404;1240;2;1;0;53.57;12.5;-1.786;0
424;1;1;2982;2982;1;0;0;0.07;12.5;-12.486;0
425;0;0;1387;1135;4;0;0;271.5;12.5;41.8;1
426;1;1;1378;1346;1;0;1;0.06;12.5;-12.488;0
427;1;1;2977;2977;0;0;0;0;12.5;-12.5;0
428;1;1;1625;1582;2;0;1;0.06;12.5;-12.488;0
429;1;1;3680;3680;0;0;0;0;12.5;-12.5;0
430;1;1;3975;3975;0;0;0;0;12.5;-12.5;0
431;0;0;115;115;1;0;0;164;12.5;20.3;1
432;1;1;3047;3047;1;1;1;0.07;12.5;-12.486;0
433;1;1;1112;1112;1;0;0;163.5;12.5;20.2;1
434;0;0;2996;2996;1;0;0;150;12.5;17.5;1
435;1;1;3229;1374;5;0;0;368.84;12.5;61.268;1
436;0;0;532;532;1;0;0;0;12.5;-12.5;0
437;1;0;181;181;0;1;0;0;12.5;-12.5;0
438;1;1;3353;3353;0;1;0;0;12.5;-12.5;0
439;0;1;3453;3453;1;0;0;0.07;12.5;-12.486;0
440;0;0;1491;1491;1;0;0;56.5;12.5;-1.2;0
441;1;1;308;308;1;0;0;40;12.5;-4.5;0
442;1;1;2863;2863;1;1;0;0.07;12.5;-12.486;0
443;1;1;331;331;1;1;0;0;12.5;-12.5;0
444;0;1;640;640;1;1;0;58;12.5;-0.9;0
445;1;0;581;581;1;1;0;331;12.5;53.7;1
446;1;0;890;890;1;1;0;0.07;12.5;-12.486;0
447;1;0;1949;463;3;0;0;411.95;12.5;69.89;1
448;1;0;4157;4157;0;1;0;0;12.5;-12.5;0
449;0;1;3180;3157;2;1;0;161.57;12.5;19.814;1
450;1;0;2742;2742;0;0;0;0;12.5;-12.5;0
451;1;1;1653;1618;2;0;1;3.21;12.5;-11.858;0
452;1;0;3478;3478;1;0;0;0.07;12.5;-12.486;0
453;1;1;2648;2648;1;1;0;129.5;12.5;13.4;1
454;1;1;4127;3338;2;0;0;108.74;12.5;9.248;1
455;1;0;3768;2438;3;1;1;227.24;12.5;32.948;1
456;1;0;3746;1570;3;1;0;104;12.5;8.3;1
457;1;0;2728;2728;0;0;0;0;12.5;-12.5;0
458;1;0;2978;2934;3;0;0;159.5;12.5;19.4;1
459;1;1;608;608;1;1;0;0.07;12.5;-12.486;0
460;0;0;2793;2793;1;1;0;169.95;12.5;21.49;1
461;0;1;1003;1003;1;1;1;0.06;12.5;-12.488;0
462;1;1;995;995;1;0;1;0.06;12.5;-12.488;0
463;1;1;3367;3367;0;0;0;0;12.5;-12.5;0
464;1;1;2912;2912;1;0;0;160.5;12.5;19.6;1
465;0;1;1604;1582;2;0;0;0.06;12.5;-12.488;0
466;1;1;1946;1920;2;0;1;0.06;12.5;-12.488;0
467;1;1;829;829;1;0;0;0;12.5;-12.5;0
468;0;1;687;687;1;0;1;0.06;12.5;-12.488;0
469;1;1;2897;465;3;0;0;132.57;12.5;14.014;1
470;1;1;3270;3270;1;0;0;38.21;12.5;-4.858;0
471;1;1;1227;1227;0;0;0;0;12.5;-12.5;0
472;1;1;1091;841;2;0;1;0.06;12.5;-12.488;0
473;1;1;2936;2933;2;1;0;54.29;12.5;-1.642;0
474;1;0;2529;2529;1;1;0;34.5;12.5;-5.6;0
475;1;1;1112;1112;1;1;0;0;12.5;-12.5;0
476;1;1;1373;492;2;0;0;43;12.5;-3.9;0
477;1;0;2863;2863;1;0;0;0.07;12.5;-12.486;0
478;1;1;3724;3724;1;0;0;305;12.5;48.5;1
479;1;1;2415;2415;1;1;0;34.5;12.5;-5.6;0
480;0;1;4005;4005;1;1;0;105;12.5;8.5;1
481;1;1;3369;3369;0;0;0;0;12.5;-12.5;0
482;1;1;3660;3660;1;1;0;0.07;12.5;-12.486;0
483;1;0;2128;2128;1;0;0;0.07;12.5;-12.486;0
484;1;1;2583;2583;1;0;0;55.22;12.5;-1.456;0
485;1;0;3680;3680;0;1;0;0;12.5;-12.5;0
486;1;1;3772;3772;0;0;0;0;12.5;-12.5;0
487;1;0;2905;2905;1;0;0;0.07;12.5;-12.486;0
488;1;0;3311;3311;1;0;0;0.07;12.5;-12.486;0
489;1;1;1394;1242;3;1;1;432;12.5;73.9;1
490;1;0;974;969;2;0;1;43.06;12.5;-3.888;0
491;1;1;4096;4096;1;1;0;228.69;12.5;33.238;1
492;1;1;2102;2102;1;0;0;53.5;12.5;-1.8;0
493;1;1;3655;3655;1;0;0;0.08;12.5;-12.484;0
494;1;0;869;834;2;1;1;0.06;12.5;-12.488;0
495;1;0;192;192;1;1;0;0.07;12.5;-12.486;0
496;1;1;4157;4157;1;0;0;97.79;12.5;7.058;1
497;0;0;2236;2236;1;0;0;0.07;12.5;-12.486;0
498;1;1;1942;1920;2;1;1;129.56;12.5;13.412;1
499;1;1;3680;3680;0;1;0;0;12.5;-12.5;0
500;0;0;2803;2803;0;0;0;0;12.5;-12.5;0
501;0;1;2982;2982;0;0;0;0;12.5;-12.5;0
502;1;1;2564;1856;4;0;0;141.44;12.5;15.788;1
503;1;1;1052;1052;1;1;0;39.5;12.5;-4.6;0
504;1;1;50;50;1;1;0;25;12.5;-7.5;0
505;1;1;833;833;1;0;0;0;12.5;-12.5;0
506;1;0;4065;4065;1;0;0;32.14;12.5;-6.072;0
507;0;1;3746;2459;2;1;0;153;12.5;18.1;1
508;1;1;4036;4036;1;1;1;97.48;12.5;6.996;1
509;1;1;855;757;2;0;0;163;12.5;20.1;1
510;1;1;3047;3047;1;0;1;0.07;12.5;-12.486;0
511;1;0;2905;2905;0;0;0;0;12.5;-12.5;0
512;1;0;2905;2905;0;1;0;0;12.5;-12.5;0
513;1;0;2886;2886;1;1;0;0.07;12.5;-12.486;0
514;1;0;3615;3615;2;0;0;270.02;12.5;41.504;1
515;1;0;2506;2506;1;0;0;0.07;12.5;-12.486;0
516;1;0;3573;106;8;1;0;1029.86;12.5;193.472;1
517;1;0;3746;3746;0;0;0;0;12.5;-12.5;0
518;0;0;2758;2233;2;0;0;189;12.5;25.3;1
519;1;0;3397;3397;1;0;0;0.07;12.5;-12.486;0
520;0;0;2583;2583;1;0;0;0.07;12.5;-12.486;0
521;1;0;2257;2257;1;1;0;129.5;12.5;13.4;1
522;1;1;3791;465;5;1;0;296.57;12.5;46.814;1
523;1;1;3269;3269;1;0;0;31.48;12.5;-6.204;0
524;1;0;1583;1583;0;0;0;0;12.5;-12.5;0
525;1;1;2831;792;1;1;1;0.06;12.5;-12.488;0
526;1;0;3458;3458;1;0;0;0.08;12.5;-12.484;0
527;1;0;3914;408;6;1;0;197.06;12.5;26.912;1
528;0;0;3747;3747;0;1;0;0;12.5;-12.5;0
529;1;1;2728;2728;0;0;0;0;12.5;-12.5;0
530;1;1;1828;1801;2;0;1;0.06;12.5;-12.488;0
531;1;1;2255;2255;1;0;0;161.21;12.5;19.742;1
532;0;1;3397;2863;2;0;0;0.14;12.5;-12.472;0
533;1;1;3401;3401;0;0;0;0;12.5;-12.5;0
534;1;0;1849;1823;2;0;0;229.55;12.5;33.41;1
535;1;1;724;724;1;1;0;43;12.5;-3.9;0
536;1;0;2719;2719;1;1;0;104.5;12.5;8.4;1
537;1;1;4065;4065;1;0;0;0;12.5;-12.5;0
538;0;0;2383;372;1;0;0;149;12.5;17.3;1
539;1;0;3401;3401;0;1;0;0;12.5;-12.5;0
540;1;0;2324;2324;1;0;0;0;12.5;-12.5;0
541;1;0;1352;1352;0;0;0;0;12.5;-12.5;0
542;1;0;1709;1709;0;0;0;0;12.5;-12.5;0
543;1;0;3125;3125;1;1;0;102.5;12.5;8;1
544;0;0;2487;2487;1;0;0;0.07;12.5;-12.486;0
545;1;1;3746;3746;0;1;0;0;12.5;-12.5;0
546;1;1;2802;2802;1;1;0;160.5;12.5;19.6;1
547;1;0;2841;2809;2;0;0;191.07;12.5;25.714;1
548;1;1;3716;3716;2;0;0;0.07;12.5;-12.486;0
549;1;0;216;216;1;1;0;0.07;12.5;-12.486;0
550;1;0;3664;79;6;0;0;414.92;12.5;70.484;1
551;1;1;2943;2943;0;0;0;0;12.5;-12.5;0
552;0;0;3405;1170;5;1;0;597.57;12.5;107.014;1
553;1;1;2100;2072;2;0;0;104.55;12.5;8.41;1
554;1;0;2228;2163;2;0;0;107;12.5;8.9;1
555;1;0;3067;3067;1;0;0;228.5;12.5;33.2;1
556;1;0;4036;4036;1;1;0;30.12;12.5;-6.476;0
557;1;1;3746;3746;0;0;0;0;12.5;-12.5;0
558;1;1;3502;3502;0;0;0;0;12.5;-12.5;0
559;1;0;4096;1836;3;0;0;179;12.5;23.3;1
560;1;1;906;906;1;1;0;43;12.5;-3.9;0
561;1;1;1569;1569;1;1;0;31.5;12.5;-6.2;0
562;1;1;2404;2054;2;1;0;25;12.5;-7.5;0
563;1;0;3662;3662;2;0;0;0.07;12.5;-12.486;0
564;1;1;3502;3502;1;0;0;0.07;12.5;-12.486;0
565;1;0;2249;2249;1;0;0;54.46;12.5;-1.608;0
566;1;0;2690;2690;1;1;0;163;12.5;20.1;1
567;1;1;2618;2618;1;1;1;6;12.5;-11.3;0
568;1;0;1709;1646;2;0;1;166.56;12.5;20.812;1
569;1;1;2221;2221;0;0;0;0;12.5;-12.5;0
570;1;0;1710;1710;0;0;0;0;12.5;-12.5;0
571;1;0;1933;1882;2;1;1;3.5;12.5;-11.8;0
572;1;0;1890;1890;0;0;0;0;12.5;-12.5;0
573;1;0;3107;3107;0;0;0;0;12.5;-12.5;0
574;1;1;2863;2863;1;0;1;0.07;12.5;-12.486;0
575;1;1;2787;2787;1;0;0;0.07;12.5;-12.486;0
576;1;1;3746;1408;6;0;1;388.63;12.5;65.226;1
577;1;0;1774;1752;2;1;1;0.06;12.5;-12.488;0
578;1;0;3522;3522;0;1;0;0;12.5;-12.5;0
579;1;0;2278;218;4;1;0;580.5;12.5;103.6;1
580;0;0;2768;2768;1;0;0;0;12.5;-12.5;0
581;1;0;1968;1968;1;1;0;0.07;12.5;-12.486;0
582;1;1;3746;1128;2;0;0;247.5;12.5;37;1
583;1;1;3694;3694;0;0;0;0;12.5;-12.5;0
584;1;1;3944;3944;0;0;0;0;12.5;-12.5;0
585;1;0;4096;4096;1;1;0;128;12.5;13.1;1
586;1;0;3312;3312;1;0;0;132.25;12.5;13.95;1
587;0;0;2502;2502;1;0;1;0.07;12.5;-12.486;0
588;1;1;2996;1128;4;0;0;620;12.5;111.5;1
589;1;1;3401;216;1;0;1;0.07;12.5;-12.486;0
590;1;0;868;868;1;1;0;43;12.5;-3.9;0
591;1;1;304;304;0;0;1;0;12.5;-12.5;0
592;1;1;3171;3171;0;0;1;0;12.5;-12.5;0
593;0;0;1976;1962;2;1;1;138.06;12.5;15.112;1
594;1;0;4157;4157;0;1;0;0;12.5;-12.5;0
595;1;0;709;709;1;1;0;159.9;12.5;19.48;1
596;1;0;923;923;1;1;0;0;12.5;-12.5;0
597;1;0;2765;2765;0;0;0;0;12.5;-12.5;0
598;1;0;2046;2012;2;0;1;34.56;12.5;-5.588;0
599;1;1;3024;3024;1;1;0;128.5;12.5;13.2;1
600;1;0;3278;3243;2;1;1;7.4;12.5;-11.02;0
601;1;1;3642;380;6;1;0;450.07;12.5;77.514;1
602;1;1;3024;3024;1;0;0;0;12.5;-12.5;0
603;1;1;4127;4127;0;0;0;0;12.5;-12.5;0
604;1;1;3240;2165;2;1;0;156.95;12.5;18.89;1
605;1;1;2256;2200;3;0;1;160.57;12.5;19.614;1
606;1;0;2906;2862;1;0;0;128.8;12.5;13.26;1
607;0;0;1253;1197;2;1;0;212.5;12.5;30;1
608;1;0;2803;2803;1;0;0;0.07;12.5;-12.486;0
609;1;0;1010;1010;1;1;0;0.07;12.5;-12.486;0
610;0;0;1091;1091;1;0;0;0;12.5;-12.5;0
611;1;1;982;981;2;0;0;0;12.5;-12.5;0
612;1;0;2901;2901;0;0;0;0;12.5;-12.5;0
613;1;1;136;136;0;0;0;0;12.5;-12.5;0
614;1;0;1710;1646;2;0;1;0.06;12.5;-12.488;0
615;1;1;2438;2081;5;0;0;1416;12.5;270.7;1
616;1;1;1436;1415;2;0;1;0.06;12.5;-12.488;0
617;1;0;1240;1226;2;0;1;103.56;12.5;8.212;1
618;0;0;1091;822;2;1;0;70.95;12.5;1.69;1
619;1;1;3646;3646;2;0;0;127.71;12.5;13.042;1
620;1;0;134;134;1;0;0;163;12.5;20.1;1
621;1;0;1850;822;3;1;1;286.51;12.5;44.802;1
622;1;0;3360;3360;1;1;0;128;12.5;13.1;1
623;0;0;2859;2859;1;0;0;0.07;12.5;-12.486;0
624;1;0;167;167;1;1;0;43;12.5;-3.9;0
625;1;1;2024;191;3;1;0;363.07;12.5;60.114;1
626;1;0;2424;1856;5;0;1;361.56;12.5;59.812;1
627;1;1;2059;2009;2;0;0;229.55;12.5;33.41;1
628;0;0;2075;1969;3;1;1;171.13;12.5;21.726;1
629;1;1;3376;1128;9;1;0;1288.54;12.5;245.208;1
630;0;0;3453;3453;1;1;0;0.07;12.5;-12.486;0
631;0;1;1438;1379;3;0;0;142.5;12.5;16;1
632;1;0;3507;3507;0;0;0;0;12.5;-12.5;0
633;1;1;3125;2460;2;1;0;162;12.5;19.9;1
634;1;0;3311;3311;1;0;0;68;12.5;1.1;1
635;0;0;2758;2744;2;1;0;85.57;12.5;4.614;1
636;1;1;1080;1073;2;0;0;57.45;12.5;-1.01;0
637;1;0;216;216;1;0;1;0;12.5;-12.5;0
638;1;1;2773;2773;0;1;0;0;12.5;-12.5;0
639;1;1;1232;841;2;0;1;0.06;12.5;-12.488;0
640;1;0;2404;2404;1;0;0;113.5;12.5;10.2;1
641;1;1;3619;3619;0;1;0;0;12.5;-12.5;0
642;1;1;3914;3914;0;0;0;0;12.5;-12.5;0
643;0;0;973;973;1;1;1;242.5;12.5;36;1
644;1;0;2380;2380;1;1;0;0;12.5;-12.5;0
645;1;1;3150;744;2;0;1;0.06;12.5;-12.488;0
646;1;0;3125;3125;1;1;0;102.67;12.5;8.034;1
647;1;0;3401;3401;0;1;0;0;12.5;-12.5;0
648;1;1;829;829;1;1;0;202;12.5;27.9;1
649;1;0;1095;1095;1;1;1;0.06;12.5;-12.488;0
650;0;1;1815;1701;2;0;0;192;12.5;25.9;1
651;1;1;896;896;1;0;0;0.07;12.5;-12.486;0
652;1;1;216;216;1;0;0;0.07;12.5;-12.486;0
653;0;0;3548;3548;1;0;0;0.08;12.5;-12.484;0
654;0;1;827;458;2;1;0;114;12.5;10.3;1
655;0;1;3458;3458;1;0;0;0.08;12.5;-12.484;0
656;1;1;2121;1135;2;1;0;281;12.5;43.7;1
657;1;0;1603;1582;2;1;1;3.45;12.5;-11.81;0
658;1;0;1162;1162;1;1;1;163.5;12.5;20.2;1
659;1;1;2943;2943;1;1;0;183.25;12.5;24.15;1
660;1;1;9;9;1;0;1;195.95;12.5;26.69;1
661;1;0;3094;3094;0;0;0;0;12.5;-12.5;0
662;1;1;3157;3157;1;1;0;220;12.5;31.5;1
663;1;1;1436;1415;2;0;1;0.06;12.5;-12.488;0
664;1;1;3262;3262;1;1;0;157.95;12.5;19.09;1
665;1;1;2298;2298;1;1;0;0;12.5;-12.5;0
666;1;1;2257;2199;2;1;0;80.5;12.5;3.6;1
667;0;1;2878;2878;1;1;0;0.07;12.5;-12.486;0
668;1;0;3791;1122;4;0;0;274.28;12.5;42.356;1
669;1;0;3401;3401;0;0;0;0;12.5;-12.5;0
670;1;1;2431;1995;4;0;1;0.18;12.5;-12.464;0
671;1;1;2809;2809;1;0;0;0.07;12.5;-12.486;0
672;1;0;906;906;1;0;0;80;12.5;3.5;1
673;0;1;3642;3642;2;1;0;125.02;12.5;12.504;1
674;1;1;1261;1261;1;1;0;43.5;12.5;-3.8;0
675;1;0;3114;3114;0;0;0;0;12.5;-12.5;0
676;1;0;181;181;0;0;0;0;12.5;-12.5;0
677;1;1;2109;463;4;0;0;517.05;12.5;90.91;1
678;1;0;3768;3768;2;1;0;198.1;12.5;27.12;1
679;1;0;162;162;0;0;0;0;12.5;-12.5;0
680;1;1;3487;3487;0;0;0;0;12.5;-12.5;0
681;1;1;2977;2977;1;1;0;159.5;12.5;19.4;1
682;1;1;3522;3522;0;0;0;0;12.5;-12.5;0
683;1;1;3822;3822;1;0;0;127.9;12.5;13.08;1
684;1;0;3229;3229;1;0;0;135.95;12.5;14.69;1
685;1;1;868;868;1;0;0;0;12.5;-12.5;0
686;1;0;192;192;1;1;0;0.07;12.5;-12.486;0
687;1;1;1584;582;2;1;0;325.5;12.5;52.6;1
688;1;1;3566;3566;2;1;0;228.5;12.5;33.2;1
689;1;1;253;253;1;0;1;0.06;12.5;-12.488;0
690;0;1;3494;3494;0;0;0;0;12.5;-12.5;0
691;1;1;2735;2735;0;0;0;0;12.5;-12.5;0
692;1;0;3883;1882;2;1;0;210.35;12.5;29.57;1
693;1;1;3398;3398;0;0;0;0;12.5;-12.5;0
694;1;1;4157;3975;2;1;0;170.43;12.5;21.586;1
695;0;1;238;238;0;1;1;0;12.5;-12.5;0
696;1;0;1010;1010;1;0;0;0.07;12.5;-12.486;0
697;1;0;1654;1618;1;1;1;0.06;12.5;-12.488;0
698;1;1;1577;1577;1;0;0;0;12.5;-12.5;0
699;1;1;1583;1521;2;0;0;0.06;12.5;-12.488;0
700;1;0;2927;2817;2;1;0;163;12.5;20.1;1
701;1;1;2327;2327;1;1;0;418;12.5;71.1;1
702;0;1;2915;2915;0;0;1;0;12.5;-12.5;0
703;1;1;1682;1646;1;0;1;0.06;12.5;-12.488;0
704;1;1;1983;1928;2;0;0;160.55;12.5;19.61;1
705;1;1;2158;1983;2;1;0;190;12.5;25.5;1
706;1;0;3914;3883;2;0;0;127.48;12.5;12.996;1
707;0;0;1311;1241;3;1;1;255.06;12.5;38.512;1
708;1;1;1036;1036;0;1;0;0;12.5;-12.5;0
709;1;1;2767;2767;0;1;0;0;12.5;-12.5;0
710;1;0;2318;2318;1;0;0;84.5;12.5;4.4;1
711;1;1;3822;2065;3;0;0;197.45;12.5;26.99;1
712;1;0;3615;3615;1;1;0;43;12.5;-3.9;0
713;1;1;2807;2807;1;0;0;55;12.5;-1.5;0
714;1;0;2982;1710;4;0;1;144.63;12.5;16.426;1
715;1;0;2984;2943;2;1;0;386;12.5;64.7;1
716;1;0;359;359;1;0;0;43;12.5;-3.9;0
717;1;0;3340;3276;2;0;0;127.92;12.5;13.084;1
718;1;0;3400;3400;1;0;0;0.07;12.5;-12.486;0
719;1;0;2618;2618;0;1;0;0;12.5;-12.5;0
720;1;0;1717;1646;2;0;1;129.56;12.5;13.412;1
721;1;1;2053;2012;2;1;1;159.56;12.5;19.412;1
722;1;0;2263;2257;2;1;0;264;12.5;40.3;1
723;1;1;2186;2186;0;0;0;0;12.5;-12.5;0
724;1;1;3342;3342;1;0;0;98.29;12.5;7.158;1
725;0;0;2212;2212;1;0;0;95;12.5;6.5;1
726;1;0;2019;1877;4;0;0;255;12.5;38.5;1
727;1;1;2912;2912;1;1;0;0.07;12.5;-12.486;0
728;1;1;3671;491;2;1;1;139.07;12.5;15.314;1
729;1;0;3472;520;5;0;0;456.45;12.5;78.79;1
730;1;0;198;198;1;0;0;0.07;12.5;-12.486;0
731;1;1;1534;1430;3;0;1;64.56;12.5;0.412;1
732;1;1;3852;3852;0;1;0;0;12.5;-12.5;0
733;0;0;2950;2950;0;1;0;0;12.5;-12.5;0
734;1;0;2508;2508;0;0;1;0;12.5;-12.5;0
735;1;0;701;549;2;0;0;215;12.5;30.5;1
736;1;1;3649;463;5;1;0;401.5;12.5;67.8;1
737;1;1;2877;2877;0;0;0;0;12.5;-12.5;0
738;1;1;1885;1885;1;0;0;0.07;12.5;-12.486;0
739;1;0;3698;3698;2;1;0;97.94;12.5;7.088;1
740;0;1;2185;2185;0;0;0;0;12.5;-12.5;0
741;1;1;723;723;1;0;1;0.06;12.5;-12.488;0
742;1;0;217;217;1;0;1;0;12.5;-12.5;0
743;0;0;2975;2975;1;1;0;0.07;12.5;-12.486;0
744;0;1;659;659;1;1;0;58;12.5;-0.9;0
745;1;1;3390;2564;3;0;0;72.57;12.5;2.014;1
746;1;1;3548;3548;2;1;1;131.48;12.5;13.796;1
747;1;1;616;616;0;0;0;0;12.5;-12.5;0
748;1;0;556;556;1;1;0;174;12.5;22.3;1
749;1;0;1968;1968;1;0;0;0.07;12.5;-12.486;0
750;1;1;3391;3391;2;0;0;0.07;12.5;-12.486;0
751;0;0;1771;1752;2;0;1;0.06;12.5;-12.488;0
752;0;1;2961;2961;1;0;1;0.07;12.5;-12.486;0
753;1;1;3517;3436;2;1;0;224.66;12.5;32.432;1
754;0;0;2436;2418;2;0;0;262.57;12.5;40.014;1
755;0;1;617;617;1;0;0;178;12.5;23.1;1
756;1;1;962;962;1;0;0;263;12.5;40.1;1
757;0;1;2249;2249;1;1;0;146;12.5;16.7;1
758;1;0;1099;841;2;0;1;0.06;12.5;-12.488;0
759;1;1;2848;2848;1;0;1;0.07;12.5;-12.486;0
760;0;1;2859;2682;3;0;0;429.07;12.5;73.314;1
761;1;0;3791;3791;2;1;1;97.55;12.5;7.01;1
762;1;0;2548;2548;1;1;0;229.5;12.5;33.4;1
763;1;0;1746;1710;2;0;1;0.06;12.5;-12.488;0
764;1;0;3883;2842;7;1;0;1393;12.5;266.1;1
765;0;1;1242;743;3;1;1;46.56;12.5;-3.188;0
766;1;0;3655;3642;2;1;0;0.08;12.5;-12.484;0
767;1;1;3242;1470;6;0;0;587.8;12.5;105.06;1
768;1;0;55;55;0;0;0;0;12.5;-12.5;0
769;1;1;4005;4005;1;1;0;67.9;12.5;1.08;1
770;1;0;2128;2128;1;0;0;0.07;12.5;-12.486;0
771;1;1;2417;2417;1;1;0;270.4;12.5;41.58;1
772;1;0;3270;3270;1;1;0;152.52;12.5;18.004;1
773;1;0;2305;2305;1;0;0;160.5;12.5;19.6;1
774;0;0;3746;3578;1;1;1;130;12.5;13.5;1
775;1;1;3011;3011;1;0;0;0;12.5;-12.5;0
776;1;1;3461;3461;1;1;0;198.21;12.5;27.142;1
777;1;1;3446;3446;1;0;0;0.07;12.5;-12.486;0
778;1;0;3694;3694;0;0;0;0;12.5;-12.5;0
779;1;1;1408;1392;2;1;0;302.5;12.5;48;1
780;1;0;1779;1130;2;0;0;252;12.5;37.9;1
781;1;0;1897;1897;1;0;0;164.93;12.5;20.486;1
782;1;1;2831;2831;1;1;0;0;12.5;-12.5;0
783;0;0;1060;583;2;1;0;69;12.5;1.3;1
784;1;0;71;71;0;0;0;0;12.5;-12.5;0
785;1;1;3382;3382;2;1;0;132.32;12.5;13.964;1
786;0;1;1499;1463;2;0;1;0.06;12.5;-12.488;0
787;1;1;1302;1302;1;1;0;66.9;12.5;0.88;1
788;1;1;2900;2900;0;0;0;0;12.5;-12.5;0
789;1;0;2900;240;5;0;1;587.56;12.5;105.012;1
790;0;1;2296;1415;3;0;1;0.13;12.5;-12.474;0
791;1;0;3401;1962;2;0;0;0.06;12.5;-12.488;0
792;1;0;2740;2740;0;0;0;0;12.5;-12.5;0
793;1;1;1870;1870;0;0;0;0;12.5;-12.5;0
794;1;0;3522;3522;0;0;0;0;12.5;-12.5;0
795;1;0;3746;3746;0;1;0;0;12.5;-12.5;0
796;1;1;2900;2900;0;1;0;0;12.5;-12.5;0
797;1;1;890;890;1;0;0;0.07;12.5;-12.486;0
798;1;0;2730;2730;0;0;0;0;12.5;-12.5;0
799;0;1;3101;1794;4;1;0;525;12.5;92.5;1
800;1;0;3355;3354;2;1;0;344.7;12.5;56.44;1
801;1;0;2765;2765;0;0;0;0;12.5;-12.5;0
802;0;0;976;976;1;1;0;54;12.5;-1.7;0
803;1;1;314;314;1;0;0;149;12.5;17.3;1
804;1;1;3339;3339;0;0;0;0;12.5;-12.5;0
805;1;1;2219;778;6;0;0;577.13;12.5;102.926;1
806;1;0;2618;2618;1;0;0;129.5;12.5;13.4;1
807;1;0;1569;1569;0;1;0;0;12.5;-12.5;0
808;0;1;1036;1036;1;0;0;0;12.5;-12.5;0
809;1;0;1010;1010;1;1;0;0.07;12.5;-12.486;0
810;1;1;188;162;2;1;0;1162;12.5;219.9;1
811;1;0;2968;2941;1;0;0;285;12.5;44.5;1
812;1;1;2992;2918;1;1;0;0.07;12.5;-12.486;0
813;0;0;1800;1800;1;0;1;0.06;12.5;-12.488;0
814;1;0;3694;3360;1;0;1;247;12.5;36.9;1
815;1;0;1554;1554;1;0;0;276.5;12.5;42.8;1
816;1;1;3822;3822;1;0;0;0.07;12.5;-12.486;0
817;1;1;868;834;2;1;1;0.06;12.5;-12.488;0
818;1;1;3009;3009;1;1;0;183.5;12.5;24.2;1
819;1;0;3507;3507;0;0;0;0;12.5;-12.5;0
820;1;0;2857;2857;1;0;0;0.07;12.5;-12.486;0
821;1;0;3536;3536;0;1;0;0;12.5;-12.5;0
822;1;1;3669;3521;3;1;0;331.06;12.5;53.712;1
823;0;1;3436;3436;1;0;0;1030;12.5;193.5;1
824;1;1;2996;2996;1;0;0;0;12.5;-12.5;0
825;1;0;2289;2289;1;1;0;229.5;12.5;33.4;1
826;1;1;1750;1710;2;1;1;0.06;12.5;-12.488;0
827;1;0;855;834;2;0;1;0.06;12.5;-12.488;0
828;1;0;3507;3507;0;0;0;0;12.5;-12.5;0
829;1;0;2863;2863;1;0;0;0.07;12.5;-12.486;0
830;1;0;3024;3024;1;0;0;0.07;12.5;-12.486;0
831;1;0;1428;1415;1;1;1;0.06;12.5;-12.488;0
832;0;0;3521;3521;2;0;0;53.07;12.5;-1.886;0
833;1;1;3340;3340;1;1;0;97.98;12.5;7.096;1
834;1;1;2914;2914;1;1;0;84.5;12.5;4.4;1
835;1;0;4036;4036;1;0;0;64.95;12.5;0.49;1
836;1;1;1968;1968;1;0;0;0.07;12.5;-12.486;0
837;0;0;17;17;1;1;0;93.95;12.5;6.29;1
838;1;1;2380;2380;1;1;0;0;12.5;-12.5;0
839;1;0;113;113;1;1;0;308;12.5;49.1;1
840;1;0;2285;2285;1;1;0;0.07;12.5;-12.486;0
841;1;0;2376;2376;0;1;0;0;12.5;-12.5;0
842;1;0;463;434;2;1;0;184;12.5;24.3;1
843;1;0;2935;1568;3;1;0;343.5;12.5;56.2;1
844;1;0;2081;1577;5;1;1;587.61;12.5;105.022;1
845;1;0;833;833;1;0;0;0;12.5;-12.5;0
846;1;0;2138;2138;1;1;1;0.06;12.5;-12.488;0
847;1;0;3425;3382;2;0;0;0.07;12.5;-12.486;0
848;0;1;2878;2878;1;0;0;0.07;12.5;-12.486;0
849;1;0;3166;3166;1;1;1;0.07;12.5;-12.486;0
850;1;1;2408;2408;1;0;0;129.5;12.5;13.4;1
851;0;0;206;206;1;1;0;264;12.5;40.3;1
852;1;0;3207;192;15;0;0;1133;12.5;214.1;1
853;1;0;3694;3694;0;0;0;0;12.5;-12.5;0
854;1;0;3356;3356;1;0;0;0.08;12.5;-12.484;0
855;1;1;1715;1646;1;0;1;0.06;12.5;-12.488;0
856;0;0;1311;1275;2;0;1;0.06;12.5;-12.488;0
857;0;1;3325;3325;1;1;0;0.07;12.5;-12.486;0
858;0;1;2781;2781;0;0;0;0;12.5;-12.5;0
859;1;0;3747;3583;1;1;0;42.53;12.5;-3.994;0
860;1;1;2485;72;5;1;0;228.5;12.5;33.2;1
861;0;1;2744;2744;1;0;0;0;12.5;-12.5;0
862;0;0;1058;1058;1;0;0;0;12.5;-12.5;0
863;1;1;3852;3852;1;1;0;127.9;12.5;13.08;1
864;1;1;3507;3507;0;0;0;0;12.5;-12.5;0
865;0;0;3131;2962;1;0;0;135.8;12.5;14.66;1
866;1;0;2772;2772;1;1;0;135;12.5;14.5;1
867;1;0;3194;470;2;1;1;242;12.5;35.9;1
868;1;0;2856;2856;1;0;0;0.07;12.5;-12.486;0
869;0;1;1087;1087;1;1;0;263;12.5;40.1;1
870;1;1;1;1;1;1;0;109;12.5;9.3;1
871;1;0;2723;2710;1;0;1;0;12.5;-12.5;0
872;1;0;3122;3122;0;0;0;0;12.5;-12.5;0
873;1;1;829;829;1;0;0;0;12.5;-12.5;0
874;1;0;1717;1646;2;1;1;129.56;12.5;13.412;1
875;1;1;2404;2380;2;1;0;88;12.5;5.1;1
876;1;1;3746;3746;0;0;0;0;12.5;-12.5;0
877;1;1;1233;1233;1;0;0;0;12.5;-12.5;0
878;1;1;3011;834;3;0;1;159.56;12.5;19.412;1
879;1;0;3522;3522;0;0;0;0;12.5;-12.5;0
880;1;0;2900;2900;0;1;0;0;12.5;-12.5;0
881;1;1;4096;4096;0;0;0;0;12.5;-12.5;0
882;1;0;532;532;1;0;1;0.06;12.5;-12.488;0
883;1;1;2912;2891;0;1;0;0;12.5;-12.5;0
884;1;1;3394;3394;0;0;0;0;12.5;-12.5;0
885;1;1;3444;3444;2;0;0;70.62;12.5;1.624;1
886;1;0;2779;2752;1;0;0;0;12.5;-12.5;0
887;1;1;2872;2872;1;0;0;0.07;12.5;-12.486;0
888;1;0;3507;3507;0;0;0;0;12.5;-12.5;0
889;1;0;3769;3769;2;0;0;0.07;12.5;-12.486;0
890;1;0;198;198;1;0;0;0.07;12.5;-12.486;0
891;1;1;3660;3660;2;0;0;0.12;12.5;-12.476;0
892;1;1;23;23;1;1;0;0.06;12.5;-12.488;0
893;0;1;2878;2878;1;0;0;0.07;12.5;-12.486;0
894;1;0;2499;2499;1;1;0;84.5;12.5;4.4;1
895;1;0;2848;2848;1;0;0;0.07;12.5;-12.486;0
896;0;0;583;458;2;1;0;271;12.5;41.7;1
897;1;0;723;723;1;0;1;0.06;12.5;-12.488;0
898;1;1;3171;3171;1;0;0;259.69;12.5;39.438;1
899;1;1;1408;1135;2;1;0;286.5;12.5;44.8;1
900;1;0;2404;2404;1;0;0;113.5;12.5;10.2;1
901;0;1;2697;2697;1;1;0;0;12.5;-12.5;0
902;1;1;1561;1561;1;1;0;0;12.5;-12.5;0
903;1;0;3426;3426;2;1;0;198.07;12.5;27.114;1
904;1;1;2634;2634;1;0;0;0.07;12.5;-12.486;0
905;1;1;2696;360;2;0;0;278.5;12.5;43.2;1
906;0;1;3522;3522;0;0;0;0;12.5;-12.5;0
907;0;1;1785;506;2;1;0;281.5;12.5;43.8;1
908;1;1;1619;1529;3;0;1;424.13;12.5;72.326;1
909;0;0;3171;2947;2;1;0;352;12.5;57.9;1
910;1;0;2438;465;2;1;1;259.5;12.5;39.4;1
911;0;0;2053;2053;1;0;0;345;12.5;56.5;1
912;1;0;2730;2730;0;0;0;0;12.5;-12.5;0
913;1;0;90;90;1;1;1;0.06;12.5;-12.488;0
914;1;1;2117;2117;1;0;0;160.5;12.5;19.6;1
915;0;0;912;912;1;0;0;551;12.5;97.7;1
916;1;1;2740;2740;0;0;0;0;12.5;-12.5;0
917;1;0;3716;3716;1;0;1;297.85;12.5;47.07;1
918;1;1;3157;3157;0;0;1;0;12.5;-12.5;0
919;1;1;2768;2768;0;0;0;0;12.5;-12.5;0
920;1;0;2834;2802;2;1;0;129.57;12.5;13.414;1
921;1;0;217;217;0;0;0;0;12.5;-12.5;0
922;1;0;3718;3718;2;0;0;97.74;12.5;7.048;1
923;1;0;3747;3747;0;0;0;0;12.5;-12.5;0
924;0;0;967;967;1;0;1;0.06;12.5;-12.488;0
925;1;1;2334;2326;2;1;0;343.07;12.5;56.114;1
926;1;0;2278;2278;1;0;0;53.5;12.5;-1.8;0
927;1;1;2779;2779;0;1;0;0;12.5;-12.5;0
928;0;1;3489;3489;0;0;0;0;12.5;-12.5;0
929;1;1;2317;2310;1;0;0;99.5;12.5;7.4;1
930;1;0;3243;3243;1;1;0;252.21;12.5;37.942;1
931;0;1;2220;2220;1;0;0;171;12.5;21.7;1
932;1;1;659;659;1;1;0;188;12.5;25.1;1
933;0;0;3390;3390;1;1;0;0.08;12.5;-12.484;0
934;1;0;3125;3125;1;1;0;0;12.5;-12.5;0
935;0;1;3040;3040;1;1;0;0.07;12.5;-12.486;0
936;1;1;3944;2873;1;1;1;128.03;12.5;13.106;1
937;1;0;3159;3159;0;0;0;0;12.5;-12.5;0
938;1;1;2052;332;4;1;0;409.62;12.5;69.424;1
939;1;0;2905;2905;0;1;0;0;12.5;-12.5;0
940;1;1;2422;2422;0;1;0;0;12.5;-12.5;0
941;1;1;3390;3390;1;1;0;0.08;12.5;-12.484;0
942;1;1;2997;2997;0;1;0;0;12.5;-12.5;0
943;0;0;1612;1612;1;0;0;42.5;12.5;-4;0
944;1;1;2725;1879;3;0;1;164.06;12.5;20.312;1
945;1;0;1981;1962;1;0;1;0.06;12.5;-12.488;0
946;1;1;744;744;0;0;0;0;12.5;-12.5;0
947;1;0;1883;804;3;1;1;0.12;12.5;-12.476;0
948;1;1;3032;3032;1;0;0;0.07;12.5;-12.486;0
949;1;0;2901;2901;0;0;0;0;12.5;-12.5;0
950;1;0;2158;2158;1;1;0;0.07;12.5;-12.486;0
951;0;1;3548;3548;1;1;0;0.08;12.5;-12.484;0
952;1;1;1823;556;3;0;1;0.06;12.5;-12.488;0
953;1;1;1170;1170;1;1;0;375;12.5;62.5;1
954;1;1;3747;3747;0;0;0;0;12.5;-12.5;0
955;1;0;1598;1598;0;0;0;0;12.5;-12.5;0
956;1;1;2422;2375;2;0;1;318.07;12.5;51.114;1
957;1;0;2004;2004;0;0;0;0;12.5;-12.5;0
958;1;1;2705;2705;1;0;1;0.07;12.5;-12.486;0
959;0;1;1725;1521;4;1;1;20.08;12.5;-8.484;0
960;0;1;3502;3502;0;0;0;0;12.5;-12.5;0
961;0;0;3164;3164;0;0;1;0;12.5;-12.5;0
962;1;0;3356;3339;1;1;0;38;12.5;-4.9;0
963;1;0;2900;2900;0;1;0;0;12.5;-12.5;0
964;1;1;3397;3397;1;1;0;0.07;12.5;-12.486;0
965;1;1;1851;1851;1;1;0;29.5;12.5;-6.6;0
966;1;1;4005;197;1;0;0;0.07;12.5;-12.486;0
967;1;1;2373;2373;0;0;0;0;12.5;-12.5;0
968;1;0;2879;2879;0;1;0;0;12.5;-12.5;0
969;1;0;3883;3883;1;1;0;97.31;12.5;6.962;1
970;0;0;3401;3401;0;1;0;0;12.5;-12.5;0
971;0;1;1262;1121;3;1;0;288;12.5;45.1;1
972;1;0;3458;3436;2;0;0;98.28;12.5;7.156;1
973;1;0;2926;1835;3;1;0;79.52;12.5;3.404;1
974;1;1;2831;2831;1;1;0;159.5;12.5;19.4;1
975;1;0;1701;1701;1;1;0;29.5;12.5;-6.6;0
976;0;1;1190;1190;1;0;0;205;12.5;28.5;1
977;1;0;512;512;1;0;1;0.06;12.5;-12.488;0
978;1;0;3013;2128;1;1;0;79.5;12.5;3.4;1
979;1;0;3680;3680;0;0;0;0;12.5;-12.5;0
980;1;1;2855;2855;1;0;0;0.07;12.5;-12.486;0
981;0;1;919;919;1;0;0;0;12.5;-12.5;0
982;1;1;3760;3759;2;0;0;0.07;12.5;-12.486;0
983;1;1;2907;2907;1;0;0;159.5;12.5;19.4;1
984;1;0;3138;868;9;1;1;638.74;12.5;115.248;1
985;1;1;3703;3703;2;0;0;0.07;12.5;-12.486;0
986;1;1;216;216;1;0;0;0;12.5;-12.5;0
987;1;0;1400;1379;2;0;1;63.06;12.5;0.112;1
988;1;1;3248;2962;1;1;0;127.9;12.5;13.08;1
989;1;0;3066;1502;7;0;1;347.06;12.5;56.912;1
990;0;1;3507;3507;0;1;0;0;12.5;-12.5;0
991;1;0;3760;3740;3;0;0;98.1;12.5;7.12;1
992;0;1;1577;1529;2;0;0;186;12.5;24.7;1
993;1;1;1611;1582;2;0;1;0.06;12.5;-12.488;0
994;1;1;2402;2402;1;0;0;84.5;12.5;4.4;1
995;1;1;3423;3423;0;1;0;0;12.5;-12.5;0
996;1;0;1962;1962;0;1;0;0;12.5;-12.5;0
997;1;0;2781;2781;0;0;0;0;12.5;-12.5;0
998;0;0;1774;1774;1;1;1;0;12.5;-12.5;0
999;1;1;3299;3299;1;1;0;69.08;12.5;1.316;1
1000;1;1;3244;1120;2;0;0;123.57;12.5;12.214;1
1001;1;1;608;608;1;0;0;0.07;12.5;-12.486;0
1002;1;1;3914;1879;3;1;1;258.46;12.5;39.192;1
1003;0;0;1499;1436;3;1;1;192.06;12.5;25.912;1
1004;1;1;890;890;1;1;0;0.07;12.5;-12.486;0
1005;1;1;2848;2848;1;1;0;0.07;12.5;-12.486;0
1006;0;1;4188;4188;1;1;0;136.95;12.5;14.89;1
1007;1;1;2899;2226;2;0;0;232;12.5;33.9;1
1008;1;0;1800;1689;3;0;1;108.24;12.5;9.148;1
1009;0;1;3489;3489;0;0;0;0;12.5;-12.5;0
1010;1;1;2402;1382;2;1;0;159;12.5;19.3;1
1011;1;0;2102;2102;1;1;0;160.5;12.5;19.6;1
1012;0;1;1639;1618;2;0;1;0.06;12.5;-12.488;0
1013;1;1;2431;1415;3;1;1;129.56;12.5;13.412;1
1014;1;0;2900;2900;0;0;0;0;12.5;-12.5;0
1015;1;0;1970;1248;3;0;1;201.63;12.5;27.826;1
1016;1;0;2744;2744;0;1;0;0;12.5;-12.5;0
1017;0;0;3125;1137;3;0;1;287;12.5;44.9;1
1018;1;0;3278;3278;1;1;0;152.52;12.5;18.004;1
1019;1;0;3747;3747;0;0;0;0;12.5;-12.5;0
1020;0;1;2123;2123;1;0;0;0.07;12.5;-12.486;0
1021;0;1;3746;3746;0;0;0;0;12.5;-12.5;0
1022;1;0;2009;2009;0;0;0;0;12.5;-12.5;0
1023;1;1;4065;4065;1;1;0;127.98;12.5;13.096;1
1024;1;1;3025;441;3;0;0;0.07;12.5;-12.486;0
1025;1;0;1682;1646;1;1;1;0.06;12.5;-12.488;0
1026;1;1;2478;2452;1;1;0;99.5;12.5;7.4;1
1027;1;1;3458;2850;4;1;1;128.74;12.5;13.248;1
1028;1;1;3327;3327;1;1;1;98.29;12.5;7.158;1
1029;1;0;3401;3401;0;0;0;0;12.5;-12.5;0
1030;0;0;2632;2632;0;0;0;0;12.5;-12.5;0
1031;1;0;1428;1415;1;0;1;0.06;12.5;-12.488;0
1032;1;1;217;217;1;1;0;40;12.5;-4.5;0
1033;1;0;1484;721;2;1;0;83.07;12.5;4.114;1
1034;1;0;3654;2481;4;1;0;159.57;12.5;19.414;1
1035;1;0;3241;3241;1;1;0;47.98;12.5;-2.904;0
1036;1;0;1112;1112;0;0;0;0;12.5;-12.5;0
1037;1;1;1232;1232;0;0;0;0;12.5;-12.5;0
1038;1;1;2467;1658;3;1;1;183.51;12.5;24.202;1
1039;1;0;2192;2192;1;1;0;0;12.5;-12.5;0
1040;0;1;3648;3636;2;1;0;127.92;12.5;13.084;1
1041;1;1;2828;2828;1;0;0;129.5;12.5;13.4;1
1042;1;0;2696;2696;1;0;0;229.5;12.5;33.4;1
1043;1;1;2856;2856;1;1;0;129.5;12.5;13.4;1
1044;0;0;3556;3543;2;0;0;129.07;12.5;13.314;1
1045;1;0;3791;2268;5;0;0;605.43;12.5;108.586;1
1046;1;0;2137;1261;2;0;0;43.5;12.5;-3.8;0
1047;1;1;2900;2900;0;1;0;0;12.5;-12.5;0
1048;1;0;1932;1882;2;0;1;0.06;12.5;-12.488;0
1049;1;0;3020;3020;1;1;0;128.5;12.5;13.2;1
1050;0;1;2891;2891;0;0;0;0;12.5;-12.5;0
1051;1;0;3263;3263;1;0;0;0;12.5;-12.5;0
1052;0;1;2101;2101;1;0;0;146;12.5;16.7;1
1053;1;0;1512;1498;2;1;1;344.06;12.5;56.312;1
1054;1;0;1910;37;4;0;1;623.58;12.5;112.216;1
1055;1;1;560;239;2;1;0;1200;12.5;227.5;1
1056;1;1;3944;3944;0;1;0;0;12.5;-12.5;0
1057;1;1;3500;3500;0;1;0;0;12.5;-12.5;0
1058;1;0;3746;3746;0;1;0;0;12.5;-12.5;0
1059;1;0;1673;1673;1;1;0;128.63;12.5;13.226;1
1060;0;0;3107;3107;0;0;0;0;12.5;-12.5;0
1061;1;0;3222;3213;2;1;1;33.62;12.5;-5.776;0
1062;1;1;2915;227;4;1;1;508.06;12.5;89.112;1
1063;0;1;3747;3747;0;1;0;0;12.5;-12.5;0
1064;1;0;1653;1618;2;0;1;0.06;12.5;-12.488;0
1065;1;1;3388;1031;2;0;0;190.5;12.5;25.6;1
1066;0;0;1052;1052;1;0;0;0;12.5;-12.5;0
1067;1;1;2313;2313;1;0;0;139.5;12.5;15.4;1
1068;1;0;216;216;1;1;1;0;12.5;-12.5;0
1069;1;0;3613;3570;3;1;0;97.6;12.5;7.02;1
1070;1;1;1680;1680;1;1;0;116.38;12.5;10.776;1
1071;1;0;1472;91;3;1;0;1370;12.5;261.5;1
1072;1;1;1879;1759;3;1;1;129.56;12.5;13.412;1
1073;0;1;2268;2268;1;1;0;0;12.5;-12.5;0
1074;1;1;2705;2705;1;0;0;129.5;12.5;13.4;1
1075;1;1;2107;2107;1;1;0;160.5;12.5;19.6;1
1076;1;1;2047;2018;2;0;0;160.57;12.5;19.614;1
1077;1;1;3680;3680;0;0;0;0;12.5;-12.5;0
1078;1;0;2081;2081;1;1;1;129.5;12.5;13.4;1
1079;1;0;2400;534;5;0;0;361;12.5;59.7;1
1080;1;1;3236;220;12;0;0;1446;12.5;276.7;1
1081;1;1;3354;3354;0;0;0;0;12.5;-12.5;0
1082;1;1;2998;400;3;1;0;522;12.5;91.9;1
1083;1;0;1036;301;3;0;0;1249;12.5;237.3;1
1084;1;0;3103;2960;1;0;1;159.69;12.5;19.438;1
1085;1;0;2415;2415;1;1;0;0;12.5;-12.5;0
1086;1;1;1583;1521;2;1;1;0.06;12.5;-12.488;0
1087;1;0;2766;2766;0;0;0;0;12.5;-12.5;0
1088;1;0;3025;3025;1;1;0;152.52;12.5;18.004;1
1089;1;0;3914;2425;2;0;0;129.5;12.5;13.4;1
1090;1;1;3430;1128;7;1;1;236.09;12.5;34.718;1
1091;1;1;3694;3694;0;0;0;0;12.5;-12.5;0
1092;1;1;3522;3522;0;0;0;0;12.5;-12.5;0
1093;1;0;3304;3304;1;0;0;129.1;12.5;13.32;1
1094;1;0;1968;1968;1;0;0;0.07;12.5;-12.486;0
1095;1;0;2467;2467;1;1;0;135.5;12.5;14.6;1
1096;1;0;1849;1739;3;0;1;57.56;12.5;-0.988;0
1097;1;1;1710;1710;0;0;0;0;12.5;-12.5;0
1098;0;1;1052;1052;1;1;1;0.06;12.5;-12.488;0
1099;1;0;1983;1962;1;0;1;0.06;12.5;-12.488;0
1100;1;1;1647;1647;1;1;0;266.5;12.5;40.8;1
1101;1;0;3680;3680;0;0;0;0;12.5;-12.5;0
1102;1;1;3311;3311;0;0;0;0;12.5;-12.5;0
1103;1;0;3465;3465;1;0;0;0.07;12.5;-12.486;0
1104;1;0;3159;3159;0;1;0;0;12.5;-12.5;0
1105;0;0;2009;2009;0;1;0;0;12.5;-12.5;0
1106;1;1;3745;3744;2;0;0;354.2;12.5;58.34;1
1107;0;0;616;437;1;0;0;114;12.5;10.3;1
1108;0;1;770;770;1;0;0;43;12.5;-3.9;0
1109;1;1;115;23;1;1;0;0.06;12.5;-12.488;0
1110;1;0;896;896;0;0;0;0;12.5;-12.5;0
1111;0;0;302;295;2;0;0;164;12.5;20.3;1
1112;1;1;2249;2158;3;1;0;63.57;12.5;0.214;1
1113;1;1;3011;3011;1;0;0;79.5;12.5;3.4;1
1114;0;0;1883;1856;2;0;1;0.06;12.5;-12.488;0
1115;1;0;597;597;1;1;0;240;12.5;35.5;1
1116;1;1;2828;2828;1;1;0;99.5;12.5;7.4;1
1117;1;1;2310;1318;2;0;1;160.56;12.5;19.612;1
1118;1;1;3655;3655;2;0;0;35.07;12.5;-5.486;0
1119;0;0;2073;2073;1;0;0;0.07;12.5;-12.486;0
1120;1;1;3852;2899;2;1;0;320.17;12.5;51.534;1
1121;1;0;2837;2052;3;0;0;200;12.5;27.5;1
1122;1;1;3382;2957;3;0;0;129.57;12.5;13.414;1
1123;1;0;2848;2848;1;0;0;0.07;12.5;-12.486;0
1124;0;0;3694;3694;0;1;0;0;12.5;-12.5;0
1125;1;0;2299;1175;2;0;0;43.57;12.5;-3.786;0
1126;1;1;3464;3464;1;1;0;0.07;12.5;-12.486;0
1127;1;1;2794;2759;2;0;0;135.57;12.5;14.614;1
1128;1;0;3299;3299;1;0;0;90;12.5;5.5;1
1129;1;1;2081;216;3;1;0;359.5;12.5;59.4;1
1130;0;0;2662;2662;1;0;0;0.07;12.5;-12.486;0
1131;1;0;3384;3384;1;0;0;0.08;12.5;-12.484;0
1132;1;1;2908;479;2;1;0;203.5;12.5;28.2;1
1133;1;0;1968;1968;1;1;0;0.07;12.5;-12.486;0
1134;1;1;2863;2863;1;0;0;0.07;12.5;-12.486;0
1135;1;1;960;960;1;0;0;80.5;12.5;3.6;1
1136;1;1;891;891;1;1;0;163;12.5;20.1;1
1137;1;0;4036;3573;3;0;0;439.66;12.5;75.432;1
1138;1;0;2017;490;2;1;0;276;12.5;42.7;1
1139;1;0;3215;3215;1;0;0;229.5;12.5;33.4;1
1140;1;1;2051;216;7;1;1;150.08;12.5;17.516;1
1141;1;1;2508;2045;5;1;1;186.56;12.5;24.812;1
1142;1;0;3401;3401;0;0;0;0;12.5;-12.5;0
1143;1;0;4005;4005;0;0;0;0;12.5;-12.5;0
1144;0;1;1556;1556;1;1;0;46;12.5;-3.3;0
1145;1;1;1514;1514;1;0;0;0;12.5;-12.5;0
1146;1;1;751;751;1;0;0;43;12.5;-3.9;0
1147;1;1;2941;2941;1;1;0;0.07;12.5;-12.486;0
1148;1;1;2193;2150;1;1;1;0.06;12.5;-12.488;0
1149;1;1;2404;2404;1;1;0;0;12.5;-12.5;0
1150;0;1;2291;1794;4;1;1;258.96;12.5;39.292;1
1151;1;0;2109;2080;2;1;1;34.56;12.5;-5.588;0
1152;1;0;2677;2677;1;0;0;160.5;12.5;19.6;1
1153;1;1;15;15;1;0;0;0.07;12.5;-12.486;0
1154;1;0;3353;3353;1;1;0;213;12.5;30.1;1
1155;1;0;714;681;2;0;1;0.06;12.5;-12.488;0
1156;1;1;2960;2960;0;0;0;0;12.5;-12.5;0
1157;1;0;2383;2383;1;0;0;160.5;12.5;19.6;1
1158;1;0;3791;1128;6;1;1;403.61;12.5;68.222;1
1159;1;1;1008;1008;1;1;0;0;12.5;-12.5;0
1160;1;1;3883;3883;1;1;0;33;12.5;-5.9;0
1161;1;1;2179;2143;2;0;1;0.13;12.5;-12.474;0
1162;1;0;1899;1850;2;0;0;34.55;12.5;-5.59;0
1163;1;0;3061;3061;0;0;1;0;12.5;-12.5;0
1164;1;0;2296;2296;1;0;0;160.5;12.5;19.6;1
1165;1;0;4005;281;13;1;0;1443;12.5;276.1;1
1166;1;1;3185;3185;0;0;0;0;12.5;-12.5;0
1167;1;0;2765;2765;0;1;0;0;12.5;-12.5;0
1168;0;0;3311;3276;2;1;0;140.07;12.5;15.514;1
1169;1;1;3338;3338;1;0;1;159;12.5;19.3;1
1170;1;1;2786;2786;1;0;0;0;12.5;-12.5;0
1171;1;0;3548;3548;1;0;0;0.08;12.5;-12.484;0
1172;1;1;3522;3522;0;1;0;0;12.5;-12.5;0
1173;1;0;3852;3852;0;1;1;0;12.5;-12.5;0
1174;0;0;255;255;1;1;0;244;12.5;36.3;1
1175;1;0;1934;1653;4;1;1;192.13;12.5;25.926;1
1176;1;1;3496;3496;1;0;0;40;12.5;-4.5;0
1177;0;0;3747;3747;0;0;0;0;12.5;-12.5;0
1178;0;0;1815;511;4;1;0;268.06;12.5;41.112;1
1179;1;1;644;644;1;0;0;0;12.5;-12.5;0
1180;1;0;3166;2891;2;1;1;143.07;12.5;16.114;1
1181;1;0;3522;3522;0;0;0;0;12.5;-12.5;0
1182;0;0;2487;2487;1;1;0;162.5;12.5;20;1
1183;1;1;3914;715;3;1;1;129.01;12.5;13.302;1
1184;1;0;3852;3852;0;0;1;0;12.5;-12.5;0
1185;0;0;3507;3507;0;0;0;0;12.5;-12.5;0
1186;1;1;3125;2887;2;0;1;159;12.5;19.3;1
1187;1;0;2900;2900;0;0;0;0;12.5;-12.5;0
1188;0;1;3747;3747;0;0;0;0;12.5;-12.5;0
1189;1;1;3157;2962;1;1;0;181;12.5;23.7;1
1190;1;0;3125;1134;3;1;0;405.75;12.5;68.65;1
1191;1;1;2432;463;3;1;0;321.5;12.5;51.8;1
1192;1;1;3694;3694;0;1;0;0;12.5;-12.5;0
1193;0;1;2879;2879;0;0;0;0;12.5;-12.5;0
1194;1;0;3052;3052;1;1;0;48.5;12.5;-2.8;0
1195;1;0;3944;520;12;1;0;1194.57;12.5;226.414;1
1196;1;1;3680;3680;0;0;0;0;12.5;-12.5;0
1197;1;1;2914;525;4;1;0;488.5;12.5;85.2;1
1198;1;0;3215;3215;1;0;0;173.5;12.5;22.2;1
1199;1;1;3278;2957;3;1;0;135.58;12.5;14.616;1
1200;1;1;1865;1842;2;0;1;0.06;12.5;-12.488;0
1201;1;0;1451;1451;0;0;0;0;12.5;-12.5;0
1202;0;0;2541;2541;1;0;0;174;12.5;22.3;1
1203;1;0;2996;2996;1;1;0;33.5;12.5;-5.8;0
1204;1;1;1883;1856;2;0;1;0.06;12.5;-12.488;0
1205;1;1;3944;2100;4;0;0;204.43;12.5;28.386;1
1206;1;1;3398;3398;1;0;0;10;12.5;-10.5;0
1207;1;0;3558;3558;0;0;0;0;12.5;-12.5;0
1208;1;0;3548;617;5;0;0;356.29;12.5;58.758;1
1209;1;0;825;744;2;0;1;163.06;12.5;20.112;1
1210;1;0;3262;3262;1;0;0;0.07;12.5;-12.486;0
1211;1;1;3024;3024;1;0;0;0.07;12.5;-12.486;0
1212;1;1;1218;1218;1;1;0;43.5;12.5;-3.8;0
1213;1;0;1750;1710;2;0;1;0.06;12.5;-12.488;0
1214;0;1;140;140;1;0;1;0.07;12.5;-12.486;0
1215;1;0;616;616;0;1;1;0;12.5;-12.5;0
1216;1;1;3104;3104;0;0;1;0;12.5;-12.5;0
1217;1;0;2905;962;1;0;0;140.5;12.5;15.6;1
1218;1;1;833;744;2;0;1;0.06;12.5;-12.488;0
1219;1;0;1968;1962;2;0;1;0.13;12.5;-12.474;0
1220;1;0;2254;2201;3;0;0;99.45;12.5;7.39;1
1221;1;1;1536;875;4;0;1;197.06;12.5;26.912;1
1222;0;0;1147;828;1;0;0;0;12.5;-12.5;0
1223;1;0;2936;2936;1;1;0;66.17;12.5;0.734;1
1224;1;1;2073;1288;2;1;0;507.5;12.5;89;1
1225;0;1;3528;3528;0;0;0;0;12.5;-12.5;0
1226;1;1;3020;295;5;1;1;531.06;12.5;93.712;1
1227;1;1;1192;1192;1;1;0;43.5;12.5;-3.8;0
1228;0;1;3549;2803;2;1;0;0.07;12.5;-12.486;0
1229;1;0;2872;2872;1;0;0;0.07;12.5;-12.486;0
1230;0;0;3747;3747;0;1;0;0;12.5;-12.5;0
1231;0;0;3548;3548;1;0;0;0.08;12.5;-12.484;0
1232;0;0;2794;2794;1;1;0;0.07;12.5;-12.486;0
1233;1;0;1787;1758;2;0;0;229.55;12.5;33.41;1
1234;1;1;3306;3306;1;0;0;68;12.5;1.1;1
1235;0;0;1091;1091;1;1;0;0;12.5;-12.5;0
1236;1;1;3188;2960;1;0;1;128.5;12.5;13.2;1
1237;1;0;2256;2235;3;1;0;390;12.5;65.5;1
1238;1;1;301;301;0;0;0;0;12.5;-12.5;0
1239;1;1;2522;2522;1;0;1;0;12.5;-12.5;0
1240;1;1;869;869;1;0;0;0;12.5;-12.5;0
1241;1;0;2773;2773;0;1;0;0;12.5;-12.5;0
1242;0;0;1828;1801;2;0;1;0.06;12.5;-12.488;0
1243;0;0;4036;4036;0;0;0;0;12.5;-12.5;0
1244;1;0;58;58;1;1;0;99;12.5;7.3;1
1245;1;0;3131;3131;0;0;0;0;12.5;-12.5;0
1246;1;1;758;758;1;0;0;83;12.5;4.1;1
1247;1;0;3454;3454;1;0;0;0.07;12.5;-12.486;0
1248;0;1;2880;2880;1;0;0;0;12.5;-12.5;0
1249;1;1;3944;3944;1;1;0;127.9;12.5;13.08;1
1250;1;0;3019;822;3;0;0;420.5;12.5;71.6;1
1251;1;0;1577;1521;2;1;1;39.56;12.5;-4.588;0
1252;1;1;1463;1436;2;0;1;0.06;12.5;-12.488;0
1253;1;0;3747;90;5;0;0;399.03;12.5;67.306;1
1254;0;0;2809;2809;1;0;0;0;12.5;-12.5;0
1255;1;1;3944;3944;1;1;0;67.9;12.5;1.08;1
1256;1;0;3675;3405;3;0;0;130.69;12.5;13.638;1
1257;1;1;1456;1456;1;0;0;0.07;12.5;-12.486;0
1258;1;0;2508;2508;1;0;0;9;12.5;-10.7;0
1259;1;0;2796;2796;1;1;0;0;12.5;-12.5;0
1260;1;0;967;967;1;1;0;0;12.5;-12.5;0
1261;1;0;1710;1710;0;1;0;0;12.5;-12.5;0
1262;1;1;3620;1240;5;0;0;271.07;12.5;41.714;1
1263;1;1;1246;1233;2;0;0;80.56;12.5;3.612;1
1264;1;1;534;534;0;0;1;0;12.5;-12.5;0
1265;1;0;1914;1882;2;0;1;0.06;12.5;-12.488;0
1266;1;0;2999;2960;1;0;0;129.5;12.5;13.4;1
1267;1;0;3650;3620;3;1;0;72.07;12.5;1.914;1
1268;1;0;1883;1856;2;0;1;0.06;12.5;-12.488;0
1269;1;1;3746;3746;0;0;0;0;12.5;-12.5;0
1270;0;1;2102;2102;1;1;0;171;12.5;21.7;1
1271;1;1;3660;216;9;0;0;1175.96;12.5;222.692;1
1272;1;1;3709;3709;2;1;0;97.94;12.5;7.088;1
1273;1;1;2539;2539;0;0;0;0;12.5;-12.5;0
1274;1;0;3199;3199;1;1;0;158.82;12.5;19.264;1
1275;1;1;3684;3684;1;0;0;0.07;12.5;-12.486;0
1276;1;1;3194;2960;1;0;1;159.5;12.5;19.4;1
1277;1;0;2039;1120;2;1;0;193;12.5;26.1;1
1278;1;0;1589;1577;2;1;0;276.5;12.5;42.8;1
1279;1;0;2402;610;4;0;1;316.56;12.5;50.812;1
1280;0;1;1528;1528;1;0;0;0;12.5;-12.5;0
1281;0;1;2767;2767;0;0;0;0;12.5;-12.5;0
1282;1;0;553;553;0;0;0;0;12.5;-12.5;0
1283;0;0;2564;2296;3;1;0;513.75;12.5;90.25;1
1284;1;0;2905;2905;0;0;0;0;12.5;-12.5;0
1285;1;1;1683;1592;3;1;1;29.69;12.5;-6.562;0
1286;1;0;3745;3745;0;1;0;0;12.5;-12.5;0
1287;0;0;1521;1521;1;0;0;0;12.5;-12.5;0
1288;1;0;4005;4005;1;1;0;43;12.5;-3.9;0
1289;1;0;731;455;3;0;1;0.06;12.5;-12.488;0
1290;0;0;42;42;1;0;1;0.06;12.5;-12.488;0
1291;0;1;814;814;1;1;0;172;12.5;21.9;1
1292;1;0;1529;1498;2;0;1;0.06;12.5;-12.488;0
1293;1;1;2418;1021;2;0;1;285;12.5;44.5;1
1294;1;1;7;7;1;0;0;129;12.5;13.3;1
1295;0;1;665;665;1;0;1;0.06;12.5;-12.488;0
1296;0;0;653;653;0;0;0;0;12.5;-12.5;0
1297;1;0;647;647;1;1;0;0.07;12.5;-12.486;0
1298;1;0;1925;1882;2;0;1;0.06;12.5;-12.488;0
1299;0;1;3159;3159;0;0;1;0;12.5;-12.5;0
1300;1;1;4127;4005;2;0;0;140.9;12.5;15.68;1
1301;1;0;2310;2310;1;1;0;135.5;12.5;14.6;1
1302;1;1;3541;3536;2;0;0;127.77;12.5;13.054;1
1303;1;1;2102;2102;1;1;0;53.5;12.5;-1.8;0
1304;1;1;2919;2919;1;0;1;0.07;12.5;-12.486;0
1305;1;1;2417;2417;1;1;0;129.5;12.5;13.4;1
1306;1;0;1603;1582;2;1;1;0.06;12.5;-12.488;0
1307;1;1;3704;3704;2;1;0;326.11;12.5;52.722;1
1308;1;1;216;216;1;1;0;0.07;12.5;-12.486;0
1309;0;0;2978;2978;1;1;0;0.07;12.5;-12.486;0
1310;1;1;169;169;1;1;0;163;12.5;20.1;1
1311;1;0;167;167;0;0;1;0;12.5;-12.5;0
1312;1;1;216;178;1;0;0;0;12.5;-12.5;0
1313;1;1;3630;3630;1;0;0;0.07;12.5;-12.486;0
1314;1;0;869;869;1;0;0;0;12.5;-12.5;0
1315;1;1;3747;3747;0;0;0;0;12.5;-12.5;0
1316;1;1;3423;3423;0;0;0;0;12.5;-12.5;0
1317;0;1;3479;918;11;0;0;1441;12.5;275.7;1
1318;1;1;3237;3237;1;0;1;0.07;12.5;-12.486;0
1319;1;1;3019;3019;1;1;0;183.5;12.5;24.2;1
1320;1;0;216;216;1;0;1;0;12.5;-12.5;0
1321;1;0;456;456;1;1;1;306;12.5;48.7;1
1322;1;1;1963;1168;3;0;1;39.63;12.5;-4.574;0
1323;1;0;2758;2758;1;1;0;160.5;12.5;19.6;1
1324;0;1;1228;1228;1;0;0;0;12.5;-12.5;0
1325;1;0;3650;3650;1;0;0;0.08;12.5;-12.484;0
1326;1;1;3251;598;3;0;1;5.91;12.5;-11.318;0
1327;0;1;3342;3342;1;0;0;110;12.5;9.5;1
1328;1;0;2138;1465;2;0;0;228.43;12.5;33.186;1
1329;1;0;3230;2962;3;1;0;162.17;12.5;19.934;1
1330;1;1;854;854;1;0;0;0;12.5;-12.5;0
1331;1;0;1261;1261;1;1;1;43.5;12.5;-3.8;0
1332;0;1;2905;2891;1;1;1;272.9;12.5;42.08;1
1333;1;0;4065;216;9;1;1;378.18;12.5;63.136;1
1334;1;0;2977;2977;1;0;1;0.07;12.5;-12.486;0
1335;0;0;1066;519;2;0;0;154;12.5;18.3;1
1336;1;0;3397;3397;1;1;0;0.07;12.5;-12.486;0
1337;1;0;1386;1346;2;0;0;0.06;12.5;-12.488;0
1338;1;0;2506;2194;2;0;1;160.56;12.5;19.612;1
1339;1;1;1154;1154;1;1;1;43.5;12.5;-3.8;0
1340;1;1;1130;1130;1;1;0;78.5;12.5;3.2;1
1341;0;1;2551;2551;1;0;0;282;12.5;43.9;1
1342;1;1;486;486;1;1;0;159;12.5;19.3;1
1343;0;0;2578;479;3;0;0;459;12.5;79.3;1
1344;1;1;3852;3852;0;0;0;0;12.5;-12.5;0
1345;0;1;2634;2634;1;0;0;116;12.5;10.7;1
1346;1;1;3069;3069;1;0;1;0.07;12.5;-12.486;0
1347;1;0;3242;3242;1;0;0;0.07;12.5;-12.486;0
1348;1;1;1240;1240;1;1;0;0.07;12.5;-12.486;0
1349;1;1;2467;2467;1;1;0;129.5;12.5;13.4;1
1350;1;1;2856;2856;1;0;0;0.07;12.5;-12.486;0
1351;1;1;2758;499;3;1;0;236.5;12.5;34.8;1
1352;1;0;814;785;2;1;0;206;12.5;28.7;1
1353;1;1;3394;3171;0;0;1;0;12.5;-12.5;0
1354;1;0;3381;3381;2;1;0;0.07;12.5;-12.486;0
1355;1;0;3009;3009;1;0;1;128.5;12.5;13.2;1
1356;0;0;2737;1639;5;1;0;563.07;12.5;100.114;1
1357;1;0;178;104;0;0;0;0;12.5;-12.5;0
1358;1;0;2885;2885;0;0;0;0;12.5;-12.5;0
1359;0;1;3597;3597;1;0;0;0.07;12.5;-12.486;0
1360;1;0;3269;3269;1;1;0;0.07;12.5;-12.486;0
1361;1;1;2619;1878;3;0;0;181.95;12.5;23.89;1
1362;1;0;3683;2807;4;1;1;239.36;12.5;35.372;1
1363;1;0;1654;1618;2;1;1;39.56;12.5;-4.588;0
1364;0;1;2799;2548;2;1;0;236;12.5;34.7;1
1365;1;1;3464;3464;1;0;0;0.07;12.5;-12.486;0
1366;1;0;1835;1835;0;0;0;0;12.5;-12.5;0
1367;1;1;2766;2766;0;0;0;0;12.5;-12.5;0
1368;1;1;3747;3747;0;0;0;0;12.5;-12.5;0
1369;1;1;3746;3746;0;0;0;0;12.5;-12.5;0
1370;1;1;3066;3066;1;0;1;0.07;12.5;-12.486;0
1371;1;1;3067;3054;2;0;1;98.74;12.5;7.248;1
1372;1;1;2786;2786;0;0;0;0;12.5;-12.5;0
1373;0;0;1392;1379;2;1;1;0.06;12.5;-12.488;0
1374;1;0;3642;3642;2;0;0;128.5;12.5;13.2;1
1375;0;0;1983;1962;2;0;1;0.06;12.5;-12.488;0
1376;1;0;2837;2837;0;0;0;0;12.5;-12.5;0
1377;1;1;3747;3747;0;1;0;0;12.5;-12.5;0
1378;1;0;3391;3376;3;0;1;131.76;12.5;13.852;1
1379;1;1;2849;2849;1;1;0;0.07;12.5;-12.486;0
1380;1;0;3208;3208;1;0;0;0.07;12.5;-12.486;0
1381;1;0;1262;1204;2;0;0;80.57;12.5;3.614;1
1382;1;0;1008;1008;1;0;0;0;12.5;-12.5;0
1383;1;1;1044;1044;0;0;1;0;12.5;-12.5;0
1384;1;1;3684;3684;2;1;0;69.02;12.5;1.304;1
1385;1;1;2100;2072;1;0;0;0.05;12.5;-12.49;0
1386;1;0;3394;3394;0;1;0;0;12.5;-12.5;0
1387;1;0;2186;2186;0;0;0;0;12.5;-12.5;0
1388;1;0;1793;1563;2;0;0;160;12.5;19.5;1
1389;1;1;1792;1780;2;0;1;0.06;12.5;-12.488;0
1390;1;0;2185;1868;2;1;0;49;12.5;-2.7;0
1391;1;1;945;945;1;0;0;0.07;12.5;-12.486;0
1392;1;1;3772;3772;1;0;0;0.07;12.5;-12.486;0
1393;1;0;2544;2544;1;1;0;129.5;12.5;13.4;1
1394;0;1;2859;2859;0;0;0;0;12.5;-12.5;0
1395;1;1;2081;2044;2;1;1;135.56;12.5;14.612;1
1396;1;1;3125;3125;1;1;0;133.5;12.5;14.2;1
1397;0;0;3369;3369;0;0;0;0;12.5;-12.5;0
1398;1;1;2579;2571;2;1;0;160.5;12.5;19.6;1
1399;1;1;1605;1605;1;1;0;84.5;12.5;4.4;1
1400;1;0;3453;3374;2;1;0;129.57;12.5;13.414;1
1401;1;1;3944;3944;0;0;0;0;12.5;-12.5;0
1402;1;1;3680;3680;0;0;0;0;12.5;-12.5;0
1403;1;0;469;469;1;0;1;163;12.5;20.1;1
1404;1;0;3668;1710;7;1;1;212.97;12.5;30.094;1
1405;1;1;1584;1584;1;0;0;139.5;12.5;15.4;1
1406;1;1;1935;1882;2;0;1;0.06;12.5;-12.488;0
1407;1;1;2317;2317;1;1;1;0;12.5;-12.5;0
1408;1;0;2415;2415;1;0;0;0;12.5;-12.5;0
1409;1;0;3145;3074;2;1;0;162.97;12.5;20.094;1
1410;1;0;3745;3745;0;0;0;0;12.5;-12.5;0
1411;1;1;3587;3587;1;1;0;32.9;12.5;-5.92;0
1412;1;0;2542;2542;0;0;0;0;12.5;-12.5;0
1413;1;1;2751;2751;1;1;0;0.07;12.5;-12.486;0
1414;1;0;3306;3306;1;0;0;0;12.5;-12.5;0
1415;1;1;2851;2851;1;0;0;0.07;12.5;-12.486;0
1416;1;1;3747;3747;0;0;0;0;12.5;-12.5;0
1417;1;1;2765;2765;0;0;0;0;12.5;-12.5;0
1418;1;1;2681;2681;1;1;0;0;12.5;-12.5;0
1419;1;0;974;974;1;0;0;0.07;12.5;-12.486;0
1420;1;0;3381;3381;2;1;0;98.28;12.5;7.156;1
1421;1;0;3125;3125;1;1;0;0.16;12.5;-12.468;0
1422;1;0;3069;2856;2;0;0;78;12.5;3.1;1
1423;1;1;2901;2901;0;0;0;0;12.5;-12.5;0
1424;1;1;833;833;1;0;0;0;12.5;-12.5;0
1425;1;1;791;791;1;1;0;68;12.5;1.1;1
1426;1;1;3619;3619;0;0;0;0;12.5;-12.5;0
1427;1;1;3020;3020;1;1;0;0.07;12.5;-12.486;0
1428;0;0;364;364;1;1;0;249;12.5;37.3;1
1429;1;1;3020;3020;1;0;0;128.5;12.5;13.2;1
1430;1;0;1946;1946;1;1;0;129.5;12.5;13.4;1
1431;0;0;2767;2767;1;1;0;124;12.5;12.3;1
1432;1;1;2746;2746;1;1;0;411;12.5;69.7;1
1433;0;1;2705;2705;0;0;0;0;12.5;-12.5;0
1434;1;1;3660;1581;6;0;0;157.69;12.5;19.038;1
1435;0;0;2918;2918;1;0;0;0.07;12.5;-12.486;0
1436;0;1;2850;2850;1;0;0;0.07;12.5;-12.486;0
1437;1;1;4157;4157;1;1;0;69;12.5;1.3;1
1438;1;1;3747;3747;0;0;0;0;12.5;-12.5;0
1439;1;1;3185;3185;1;0;1;0;12.5;-12.5;0
1440;0;0;1018;1018;1;0;0;0;12.5;-12.5;0
1441;1;1;709;709;1;1;1;0.06;12.5;-12.488;0
1442;1;1;3222;3222;1;1;0;33.5;12.5;-5.8;0
1443;1;0;1058;1058;1;0;1;0.06;12.5;-12.488;0
1444;1;0;3243;2962;2;1;0;132.35;12.5;13.97;1
1445;0;0;2599;2599;1;1;0;149;12.5;17.3;1
1446;1;1;2513;525;5;0;0;489.5;12.5;85.4;1
1447;1;1;829;582;1;0;0;69;12.5;1.3;1
1448;1;0;3248;3248;1;0;1;132.25;12.5;13.95;1
1449;1;1;3944;1130;7;1;0;1054.68;12.5;198.436;1
1450;1;0;1147;1147;1;1;0;163.5;12.5;20.2;1
1451;0;1;3124;3124;0;0;0;0;12.5;-12.5;0
1452;1;1;3745;3745;0;0;0;0;12.5;-12.5;0
1453;0;0;2765;2765;0;1;0;0;12.5;-12.5;0
1454;1;1;290;290;1;1;0;163;12.5;20.1;1
1455;0;0;4096;4096;0;0;0;0;12.5;-12.5;0
1456;1;1;2172;2172;0;0;0;0;12.5;-12.5;0
1457;0;0;772;772;1;0;0;80;12.5;3.5;1
1458;1;1;3747;217;2;1;1;80.5;12.5;3.6;1
1459;1;1;3436;3222;2;1;0;129.57;12.5;13.414;1
1460;1;0;3292;3292;1;0;0;128.18;12.5;13.136;1
1461;1;0;2361;1890;1;0;0;84.5;12.5;4.4;1
1462;1;1;3694;3694;0;0;0;0;12.5;-12.5;0
1463;1;0;2213;2213;1;0;0;64.95;12.5;0.49;1
1464;1;1;3747;3747;0;0;0;0;12.5;-12.5;0
1465;1;0;1536;1498;2;1;1;39.56;12.5;-4.588;0
1466;1;1;2862;541;2;1;1;49.5;12.5;-2.6;0
1467;1;0;2787;2787;1;0;0;3.6;12.5;-11.78;0
1468;0;0;1701;1701;1;0;0;110;12.5;9.5;1
1469;1;0;3694;3694;0;1;0;0;12.5;-12.5;0
1470;1;0;2404;2404;1;0;0;113.5;12.5;10.2;1
1471;1;1;3572;2142;2;0;0;68.07;12.5;1.114;1
1472;1;0;2787;2787;1;1;0;0.07;12.5;-12.486;0
1473;0;1;2880;2880;1;1;0;0;12.5;-12.5;0
1474;1;0;1619;1619;1;1;0;20;12.5;-8.5;0
1475;1;0;3746;3600;1;0;1;167.07;12.5;20.914;1
1476;1;0;3522;3522;1;0;0;0.07;12.5;-12.486;0
1477;1;1;3678;3678;2;0;0;0.07;12.5;-12.486;0
1478;1;0;2569;2569;0;1;0;0;12.5;-12.5;0
1479;0;0;3304;3304;1;0;0;140;12.5;15.5;1
1480;1;1;2913;2912;1;1;0;95.76;12.5;6.652;1
1481;1;0;3459;1130;8;1;1;559.11;12.5;99.322;1
1482;1;1;3709;3709;2;1;0;198.23;12.5;27.146;1
1483;1;1;1191;841;2;0;1;0.06;12.5;-12.488;0
1484;1;1;3354;3354;0;1;0;0;12.5;-12.5;0
1485;1;1;3359;2481;3;1;0;618.78;12.5;111.256;1
1486;1;0;2900;2878;1;0;0;0.07;12.5;-12.486;0
1487;1;0;3944;3605;2;0;0;245.5;12.5;36.6;1
1488;1;0;2108;2080;2;0;1;0.06;12.5;-12.488;0
1489;1;1;2737;2737;0;0;1;0;12.5;-12.5;0
1490;1;1;920;920;1;0;1;140.5;12.5;15.6;1
1491;1;0;2984;2975;2;0;0;159.57;12.5;19.414;1
1492;0;1;427;427;1;0;0;55.95;12.5;-1.31;0
1493;1;1;3375;3374;2;1;0;33.55;12.5;-5.79;0
1494;1;1;784;784;1;1;1;0.06;12.5;-12.488;0
1495;1;0;2625;2530;1;0;0;135.5;12.5;14.6;1
1496;1;1;3536;2240;4;0;1;189.44;12.5;25.388;1
1497;0;0;3188;644;5;1;1;260.13;12.5;39.526;1
1498;0;1;216;216;1;0;1;0.07;12.5;-12.486;0
1499;1;1;3694;3694;0;0;0;0;12.5;-12.5;0
1500;1;1;4065;744;3;0;1;128.06;12.5;13.112;1
1501;1;1;427;427;1;0;0;0.06;12.5;-12.488;0
1502;1;0;3641;3641;2;1;0;0.07;12.5;-12.486;0
1503;1;1;2102;472;2;1;0;228.5;12.5;33.2;1
1504;1;1;2533;2533;1;1;0;9;12.5;-10.7;0
1505;1;0;206;206;1;0;0;0.07;12.5;-12.486;0
1506;0;1;1248;864;2;0;0;163;12.5;20.1;1
1507;1;0;532;532;1;0;1;0.06;12.5;-12.488;0
1508;0;1;3944;3944;1;1;0;49;12.5;-2.7;0
1509;1;1;3641;3641;1;0;0;0.07;12.5;-12.486;0
1510;1;1;2893;2893;1;0;0;0.07;12.5;-12.486;0
1511;1;1;1512;1498;2;0;1;0.06;12.5;-12.488;0
1512;0;1;2704;2704;1;0;0;0.07;12.5;-12.486;0
1513;1;1;1871;1842;3;0;1;0.12;12.5;-12.476;0
1514;0;0;3528;3528;0;0;0;0;12.5;-12.5;0
1515;1;1;2767;1962;3;1;1;0.06;12.5;-12.488;0
1516;1;0;2257;2257;1;1;0;91.27;12.5;5.754;1
1517;1;0;1154;1154;1;0;1;204.5;12.5;28.4;1
1518;1;1;3436;3436;1;1;0;0.07;12.5;-12.486;0
1519;1;0;1871;1842;2;0;1;0.06;12.5;-12.488;0
1520;0;0;2844;2844;0;1;0;0;12.5;-12.5;0
1521;1;0;1844;1261;1;0;0;0.14;12.5;-12.472;0
1522;0;1;220;220;0;0;0;0;12.5;-12.5;0
1523;1;0;3027;3027;1;1;0;95.5;12.5;6.6;1
1524;1;0;1779;526;4;1;1;426.5;12.5;72.8;1
1525;1;0;1242;1242;0;0;0;0;12.5;-12.5;0
1526;1;1;1113;148;3;0;1;213.9;12.5;30.28;1
1527;1;1;3746;3746;0;0;0;0;12.5;-12.5;0
1528;1;1;2016;2016;1;0;0;53.5;12.5;-1.8;0
1529;1;1;3401;3401;0;0;0;0;12.5;-12.5;0
1530;0;1;408;255;2;1;0;318;12.5;51.1;1
1531;1;1;673;673;1;0;1;0;12.5;-12.5;0
1532;1;1;2865;2831;2;0;1;160.57;12.5;19.614;1
1533;1;1;2369;1570;2;1;0;203;12.5;28.1;1
1534;1;0;2837;2831;2;0;0;99.57;12.5;7.414;1
1535;0;1;1035;1035;0;1;1;0;12.5;-12.5;0
1536;1;1;3122;1120;2;1;0;199.57;12.5;27.414;1
1537;1;0;1914;1882;2;1;1;0.06;12.5;-12.488;0
1538;1;1;3201;3201;0;0;1;0;12.5;-12.5;0
1539;1;1;3419;3419;2;1;0;0.07;12.5;-12.486;0
1540;0;0;2009;1995;2;1;1;242.96;12.5;36.092;1
1541;1;1;609;609;1;0;0;162.3;12.5;19.96;1
1542;1;1;2382;2382;1;0;0;0;12.5;-12.5;0
1543;1;1;2918;2918;1;1;0;0.07;12.5;-12.486;0
1544;1;1;930;930;1;0;1;0;12.5;-12.5;0
1545;1;0;3746;3746;0;0;0;0;12.5;-12.5;0
1546;1;0;3283;2466;2;1;0;187.68;12.5;25.036;1
1547;1;0;2758;807;2;1;0;113.5;12.5;10.2;1
1548;1;0;3339;3339;1;0;0;0.07;12.5;-12.486;0
1549;1;0;2996;2996;1;1;0;183.5;12.5;24.2;1
1550;0;0;3622;3583;2;1;0;140.07;12.5;15.514;1
1551;1;0;3397;3397;1;1;0;0.07;12.5;-12.486;0
1552;1;0;2333;2318;2;1;0;160.57;12.5;19.614;1
1553;1;0;1226;1123;2;0;1;216.5;12.5;30.8;1
1554;1;1;2481;2481;1;1;0;152.5;12.5;18;1
1555;0;1;1617;1617;1;1;0;169.5;12.5;21.4;1
1556;0;1;1963;1920;2;1;0;138.06;12.5;15.112;1
1557;1;1;3416;3416;1;1;0;10;12.5;-10.5;0
1558;1;1;925;925;1;1;0;103.5;12.5;8.2;1
1559;1;0;164;164;1;0;0;134.81;12.5;14.462;1
1560;1;0;1261;1261;1;1;1;0;12.5;-12.5;0
1561;0;1;3852;3852;0;1;0;0;12.5;-12.5;0
1562;1;0;1512;1512;1;1;0;0;12.5;-12.5;0
1563;1;1;1240;1240;1;1;0;0;12.5;-12.5;0
1564;1;1;891;891;1;1;0;80.5;12.5;3.6;1
1565;0;0;1561;1521;2;1;1;0.06;12.5;-12.488;0
1566;1;1;868;868;1;1;0;0;12.5;-12.5;0
1567;1;1;441;441;0;1;0;0;12.5;-12.5;0
1568;1;1;4065;217;2;1;0;0.07;12.5;-12.486;0
1569;1;1;3403;3403;0;0;0;0;12.5;-12.5;0
1570;1;0;1100;1100;1;1;0;163.5;12.5;20.2;1
1571;1;0;1463;1436;2;0;1;0.06;12.5;-12.488;0
1572;1;1;2108;2080;2;1;1;160.56;12.5;19.612;1
1573;1;1;1863;1863;1;0;1;166.5;12.5;20.8;1
1574;0;0;1091;835;3;1;0;240.95;12.5;35.69;1
1575;1;0;2529;2529;1;0;0;0;12.5;-12.5;0
1576;1;0;1536;1536;1;0;0;0.07;12.5;-12.486;0
1577;1;1;1350;1350;1;1;0;0;12.5;-12.5;0
1578;0;0;3045;1340;5;1;0;262.07;12.5;39.914;1
1579;1;1;204;204;1;0;0;0;12.5;-12.5;0
1580;1;0;3747;3747;0;0;0;0;12.5;-12.5;0
1581;1;0;2558;2201;2;0;0;164;12.5;20.3;1
1582;1;1;2735;2735;0;0;0;0;12.5;-12.5;0
1583;1;0;1953;1879;4;0;0;164.12;12.5;20.324;1
1584;1;1;2317;1288;1;0;0;95;12.5;6.5;1
1585;1;1;304;304;1;0;0;0;12.5;-12.5;0
1586;0;1;3235;3235;1;1;1;110;12.5;9.5;1
1587;0;0;3215;700;7;1;1;438.07;12.5;75.114;1
1588;0;1;3579;3579;2;1;0;107.07;12.5;8.914;1
1589;1;0;1169;77;4;0;1;406.95;12.5;68.89;1
1590;1;0;2212;2212;1;0;0;0.07;12.5;-12.486;0
1591;1;1;1464;1464;1;1;0;0;12.5;-12.5;0
1592;1;0;1252;1235;2;0;1;0.06;12.5;-12.488;0
1593;1;1;3944;2464;2;1;0;86.48;12.5;4.796;1
1594;1;0;616;463;3;1;1;302;12.5;47.9;1
1595;1;1;2845;2845;1;0;0;119.5;12.5;11.4;1
1596;1;1;1673;1673;0;0;0;0;12.5;-12.5;0
1597;1;0;2100;2100;1;0;0;0.05;12.5;-12.49;0
1598;1;0;2802;2802;1;0;0;0;12.5;-12.5;0
1599;1;0;2040;442;4;1;0;350.05;12.5;57.51;1
1600;1;0;2243;2243;1;1;0;0.07;12.5;-12.486;0
1601;1;1;1400;1136;2;0;0;184.2;12.5;24.34;1
1602;1;1;2400;2400;1;0;0;160.5;12.5;19.6;1
1603;1;1;3255;3255;1;1;0;0;12.5;-12.5;0
1604;1;0;2848;2799;3;1;0;103.57;12.5;8.214;1
1605;0;1;3094;3094;0;0;1;0;12.5;-12.5;0
1606;1;0;897;897;1;1;0;0.07;12.5;-12.486;0
1607;0;1;3394;3394;0;1;0;0;12.5;-12.5;0
1608;1;1;1877;1877;1;1;0;55.72;12.5;-1.356;0
1609;1;0;2690;2690;1;0;0;0.07;12.5;-12.486;0
1610;1;0;1567;1567;1;1;0;31.5;12.5;-6.2;0
1611;0;0;2499;469;2;0;0;338;12.5;55.1;1
1612;1;0;3157;1120;2;1;1;172.1;12.5;21.92;1
1613;1;1;598;583;2;1;0;149;12.5;17.3;1
1614;1;0;3390;3390;2;0;1;98.36;12.5;7.172;1
1615;0;1;3529;3513;2;1;0;219;12.5;31.3;1
1616;1;1;2107;479;4;1;0;394.45;12.5;66.39;1
1617;1;0;3768;3583;3;0;0;100.07;12.5;7.514;1
1618;0;1;366;366;1;0;0;0;12.5;-12.5;0
1619;0;1;3694;3694;0;0;0;0;12.5;-12.5;0
1620;1;0;3374;3374;2;1;1;128.02;12.5;13.104;1
1621;1;0;689;689;1;1;0;0.07;12.5;-12.486;0
1622;1;0;3521;1906;1;1;0;50;12.5;-2.5;0
1623;1;1;2361;2361;1;0;0;0;12.5;-12.5;0
1624;0;1;2670;2670;1;0;0;0.07;12.5;-12.486;0
1625;1;0;1910;1879;1;0;1;0.06;12.5;-12.488;0
1626;0;1;1207;1207;1;0;0;0;12.5;-12.5;0
1627;0;1;1463;1463;1;1;0;0;12.5;-12.5;0
1628;1;0;2291;2291;1;1;0;0.07;12.5;-12.486;0
1629;0;0;2129;1976;2;0;0;43.07;12.5;-3.886;0
1630;1;1;3745;3745;0;0;0;0;12.5;-12.5;0
1631;1;0;3159;3159;0;1;0;0;12.5;-12.5;0
1632;0;1;3746;3746;0;1;0;0;12.5;-12.5;0
1633;1;0;311;304;2;1;0;303;12.5;48.1;1
1634;1;1;3158;3158;1;0;0;33.62;12.5;-5.776;0
1635;0;0;4127;4127;1;0;0;34.95;12.5;-5.51;0
1636;1;1;2982;2982;1;1;0;0;12.5;-12.5;0
1637;0;0;945;511;2;0;1;172.5;12.5;22;1
1638;1;1;1147;1147;1;1;0;200.5;12.5;27.6;1
1639;1;0;3541;3541;2;1;1;100.93;12.5;7.686;1
1640;1;1;3120;3120;0;0;0;0;12.5;-12.5;0
1641;1;0;1715;1646;1;1;1;0.06;12.5;-12.488;0
1642;1;1;3745;3745;0;0;0;0;12.5;-12.5;0
1643;1;1;2576;2456;2;0;0;220;12.5;31.5;1
1644;1;0;3027;360;7;1;0;1305;12.5;248.5;1
1645;0;1;1437;1437;1;0;0;0;12.5;-12.5;0
1646;1;1;192;192;1;1;0;0.07;12.5;-12.486;0
1647;1;0;1134;442;2;0;0;137.7;12.5;15.04;1
1648;0;0;1850;1850;1;1;0;136;12.5;14.7;1
1649;1;0;2607;2607;1;1;0;6;12.5;-11.3;0
1650;1;1;1451;1451;0;1;0;0;12.5;-12.5;0
1651;1;1;3159;3159;0;0;1;0;12.5;-12.5;0
1652;1;1;1086;835;2;1;0;99.45;12.5;7.39;1
1653;1;0;3180;3180;1;0;0;0;12.5;-12.5;0
1654;1;0;192;192;1;0;0;0.07;12.5;-12.486;0
1655;1;0;2109;731;3;0;1;0.06;12.5;-12.488;0
1656;1;0;744;744;0;1;0;0;12.5;-12.5;0
1657;1;1;2024;2024;0;1;0;0;12.5;-12.5;0
1658;1;1;2725;2725;0;1;0;0;12.5;-12.5;0
1659;1;0;608;608;1;0;0;0.07;12.5;-12.486;0
1660;1;1;3500;3500;0;0;0;0;12.5;-12.5;0
1661;1;0;2991;2991;1;1;1;183.5;12.5;24.2;1
1662;1;0;2744;2744;0;0;0;0;12.5;-12.5;0
1663;1;1;535;535;1;0;1;149;12.5;17.3;1
1664;1;1;3549;3549;1;1;0;228.82;12.5;33.264;1
1665;1;1;2802;2802;0;0;0;0;12.5;-12.5;0
1666;1;0;1690;1690;1;0;0;89.5;12.5;5.4;1
1667;1;0;1933;1882;2;0;1;0.06;12.5;-12.488;0
1668;1;1;2562;2562;1;1;0;34.5;12.5;-5.6;0
1669;1;0;1774;1752;2;0;1;0.06;12.5;-12.488;0
1670;1;1;2900;2900;1;0;0;0.07;12.5;-12.486;0
1671;1;1;3747;2466;2;0;0;132.5;12.5;14;1
1672;0;0;2478;822;3;0;0;428.95;12.5;73.29;1
1673;1;1;2333;2333;1;1;1;160.5;12.5;19.6;1
1674;1;1;3678;3678;1;1;0;0.07;12.5;-12.486;0
1675;1;0;1759;1758;2;0;1;0.06;12.5;-12.488;0
1676;1;1;416;416;1;1;0;40;12.5;-4.5;0
1677;0;1;2915;1141;2;0;0;208;12.5;29.1;1
1678;1;0;3746;3746;0;0;0;0;12.5;-12.5;0
1679;1;1;2802;2802;1;1;0;0;12.5;-12.5;0
1680;1;1;3590;3590;1;1;0;227.64;12.5;33.028;1
1681;1;1;2022;701;4;1;0;290.45;12.5;45.59;1
1682;1;1;3244;2962;2;1;0;95.4;12.5;6.58;1
1683;1;1;1505;1505;0;0;0;0;12.5;-12.5;0
1684;1;1;2744;2744;1;1;0;229.5;12.5;33.4;1
1685;1;0;2425;2425;0;0;0;0;12.5;-12.5;0
1686;1;1;3791;3791;1;0;0;0.07;12.5;-12.486;0
1687;1;0;2327;2327;1;0;1;157.5;12.5;19;1
1688;1;1;2404;2404;1;0;0;113.5;12.5;10.2;1
1689;1;1;3914;2752;2;0;0;638;12.5;115.1;1
1690;0;0;1589;1589;1;1;0;0;12.5;-12.5;0
1691;1;1;3405;3405;2;1;0;228.74;12.5;33.248;1
1692;0;1;4036;4036;1;0;1;129.27;12.5;13.354;1
1693;1;0;27;27;1;1;0;0.07;12.5;-12.486;0
1694;1;0;2999;2999;1;1;0;33.5;12.5;-5.8;0
1695;1;1;3604;3604;1;0;0;0.07;12.5;-12.486;0
1696;1;1;1849;486;3;0;1;265.56;12.5;40.612;1
1697;1;0;2457;2052;4;1;0;354.57;12.5;58.414;1
1698;1;0;1771;1752;2;0;1;0.06;12.5;-12.488;0
1699;1;0;1891;1856;2;0;1;0.06;12.5;-12.488;0
1700;1;0;2955;2955;1;1;1;183.5;12.5;24.2;1
